symbol,industry,sector
20MICRONS,Mining / Minerals / Metals,Metals & Mining
21STCENMGM,Finance & Investments,Financials
360ONE,Finance & Investments,Financials
3BBLACKBIO,Healthcare,Healthcare
3IINFOLTD,Computers - Software - Medium / Small,I.T
3MINDIA,Diversified - Large,Miscellaneous
3PLAND,Finance & Investments,Financials
5PAISA,Finance & Investments,Financials
63MOONS,Computers - Software - Medium / Small,I.T
A2ZINFRA,Engineering - Turnkey Services,Industrials
AAATECH,Computers - Software - Medium / Small,I.T
AADHARHFC,Finance - Housing,Financials
AAKASH,Oil Drilling / Allied Services,Energy
AAREYDRUGS,Pharmaceuticals - Indian - Bulk Drugs,Healthcare
AARNAV,Textiles - Products,Textiles
AARON,Engineering,Industrials
AARTECH,Electric Equipment,Industrials
AARTIDRUGS,Pharmaceuticals - Indian - Bulk Drugs,Healthcare
AARTIIND,Chemicals,Chemicals
AARTIPHARM,Pharmaceuticals - Indian - Bulk Drugs & Formln,Healthcare
AARTISURF,Chemicals,Chemicals
AARVI,Miscellaneous,Miscellaneous
AAVAS,Finance - Housing,Financials
ABAN,Oil Drilling / Allied Services,Energy
ABANSENT,Trading,Services
ABB,Electric Equipment,Industrials
ABBOTINDIA,Pharmaceuticals - Multinational,Healthcare
ABCAPITAL,Finance & Investments,Financials
ABCOTS,Textiles - Cotton/Blended,Textiles
ABDL,Breweries & Distilleries,Fmcg
ABFRL,Textiles - Products,Consumer Discretionary
ABINFRA,Construction,Industrials
ABLBL,Textiles - Products,Consumer Discretionary
ABMKNO,Computers - Software - Medium / Small,I.T
ABREL,Construction,Realty
ABSLAMC,Finance & Investments,Financials
ACC,Cement - North India,Building Materials
ACCELYA,Computers - Software - Medium / Small,I.T
ACCURACY,Miscellaneous,Transportation
ACE,Engineering,Industrials
ACEINTEG,Diversified - Medium / Small,Miscellaneous
ACI,Chemicals,Chemicals
ACL,Cement - South India,Building Materials
ACMESOLAR,Engineering - Turnkey Services,Industrials
ACSTECH,Computers - Software - Medium / Small,I.T
ACUTAAS,Pharmaceuticals - Indian - Bulk Drugs,Healthcare
ADANIENSOL,Power Generation And Supply,Power & Utilities
ADANIENT,Trading,Services
ADANIGREEN,Power Generation And Supply,Power & Utilities
ADANIPORTS,Miscellaneous,Transportation
ADANIPOWER,Power Generation And Supply,Power & Utilities
ADFFOODS,Food - Processing - Indian,Fmcg
ADL,Miscellaneous,Building Materials
ADOR,Electrodes - Welding Equipment,Industrials
ADROITINFO,Computers - Software - Medium / Small,I.T
ADSL,Computers - Software - Medium / Small,I.T
ADVAIT,Cables - Power,Industrials
ADVANCE,Pesticides / Agrochemicals - Indian,Chemicals
ADVANIHOTR,Hotels,Services
ADVENTHTL,Hotels,Services
ADVENZYMES,Pharmaceuticals - Indian - Bulk Drugs & Formln,Healthcare
AEGISLOG,Trading,Services
AEGISVOPAK,Miscellaneous,Transportation
AEPL,Electric Equipment,Industrials
AEQUS,Engineering,Aerospace & Defence
AEROENTER,Steel - Medium / Small,Metals & Mining
AEROFLEX,Steel - Medium / Small,Metals & Mining
AERONEU,Packaging,Industrials
AETHER,Chemicals,Chemicals
AFCONS,Construction,Industrials
AFFLE,Computers - Software - Medium / Small,I.T
AFFORDABLE,Engineering,Industrials
AFIL,Finance & Investments,Financials
AFSL,Finance & Investments,Financials
AGARIND,Petrochemicals,Energy
AGARWALEYE,Healthcare,Healthcare
AGI,Packaging,Industrials
AGIIL,Construction,Industrials
AGL,Miscellaneous,Transportation
AGRITECH,Miscellaneous,Fmcg
AGROPHOS,Fertilizers,Chemicals
AHCL,Chemicals,Chemicals
AHLADA,Steel - Medium / Small,Metals & Mining
AHLEAST,Hotels,Services
AHLUCONT,Construction,Industrials
AHLWEST,Hotels,Services
AIAENG,Castings & Forgings,Industrials
AIIL,Finance & Investments,Financials
AIRAN,Computers - Software - Medium / Small,I.T
AIROLAM,Miscellaneous,Building Materials
AJANTPHARM,Pharmaceuticals - Indian - Formulations,Healthcare
AJAXENGG,Engineering,Industrials
AJMERA,Construction,Industrials
AJOONI,Food - Processing - Indian,Fmcg
AKASH,Construction,Industrials
AKCAPIT,Finance & Investments,Financials
AKG,Trading,Services
AKI,Leather / Leather Products,Consumer Discretionary
AKSHAR,Textiles - Cotton/Blended,Textiles
AKSHARCHEM,Dyes And Pigments,Chemicals
AKSHOPTFBR,Cables - Telephone,Industrials
AKUMS,Pharmaceuticals - Indian - Bulk Drugs & Formln,Healthcare
ALANKIT,Computers - Software - Medium / Small,I.T
ALBERTDAVD,Pharmaceuticals - Indian - Bulk Drugs & Formln,Healthcare
ALEMBICLTD,Construction,Industrials
ALGOQUANT,Finance & Investments,Financials
ALICON,Castings & Forgings,Industrials
ALIVUS,Pharmaceuticals - Indian - Bulk Drugs & Formln,Healthcare
ALKALI,Chemicals,Chemicals
ALKEM,Pharmaceuticals - Indian - Bulk Drugs & Formln,Healthcare
ALKYLAMINE,Chemicals,Chemicals
ALLCARGO,Miscellaneous,Transportation
ALLDIGI,Computers - Software - Medium / Small,I.T
ALLTIME,Plastics Products,Plastic Products
ALMONDZ,Finance & Investments,Financials
ALOKINDS,Textiles - Processing,Textiles
ALPA,Pharmaceuticals - Indian - Bulk Drugs & Formln,Healthcare
ALPHAGEO,Miscellaneous,Miscellaneous
AMAGI,Computers - Software - Medium / Small,I.T
AMANTA,Pharmaceuticals - Indian - Bulk Drugs & Formln,Healthcare
AMBALALSA,Trading,Healthcare
AMBER,Air-Conditioners,Consumer Discretionary
AMBICAAGAR,Chemicals,Chemicals
AMBIKCO,Textiles - Cotton/Blended,Textiles
AMBUJACEM,Cement - North India,Building Materials
AMDIND,Packaging,Industrials
AMIRCHAND,Food - Processing - Indian,Fmcg
AMJLAND,Construction,Industrials
AMNPLST,Chemicals,Chemicals
AMRUTANJAN,Pharmaceuticals - Indian - Formulations,Healthcare
ANANDRATHI,Finance & Investments,Financials
ANANTRAJ,Construction,Realty
ANDHRAPAP,Paper,Building Materials
ANDHRSUGAR,Chlor Alkali / Soda Ash,Chemicals
ANGELONE,Finance & Investments,Financials
ANIKINDS,Trading,Services
ANKITMETAL,Steel - Medium / Small,Metals & Mining
ANMOL,Trading,Services
ANSALAPI,Construction,Industrials
ANTELOPUS,Oil Drilling / Allied Services,Energy
ANTGRAPHIC,Diversified - Medium / Small,Miscellaneous
ANTHEM,Pharmaceuticals - Indian - Bulk Drugs & Formln,Healthcare
ANUHPHR,Pharmaceuticals - Indian - Bulk Drugs,Healthcare
ANUP,Engineering,Industrials
ANURAS,Chemicals,Chemicals
APARINDS,Electric Equipment,Industrials
APCL,Cement - South India,Building Materials
APCOTEXIND,Miscellaneous,Chemicals
APEX,Aquaculture,Fmcg
APLAPOLLO,Steel - Large,Industrials
APLLTD,Pharmaceuticals - Indian - Bulk Drugs & Formln,Healthcare
APOLLO,Electronics - Components,Aerospace & Defence
APOLLOHOSP,Healthcare,Healthcare
APOLLOPIPE,Plastics Products,Plastic Products
APOLLOTYRE,Tyres,Auto
APOLSINHOT,Hotels,Services
APTECHT,Computers - Education,I.T
APTUS,Finance - Housing,Financials
AQYLON,Entertainment / Electronic Media Software,Media
ARCHIDPLY,Miscellaneous,Building Materials
ARCHIES,Trading,Consumer Discretionary
ARE&M,Auto Ancillaries,Auto
ARENTERP,Trading,Metals & Mining
ARFIN,Aluminium And Aluminium Products,Metals & Mining
ARIES,Fertilizers,Chemicals
ARIHANT,Construction,Industrials
ARIHANTCAP,Finance & Investments,Financials
ARIHANTSUP,Construction,Industrials
ARIS,Trading,Services
ARKADE,Construction,Industrials
ARMANFIN,Finance & Investments,Financials
AROGRANITE,Miscellaneous,Consumer Discretionary
ARROWGREEN,Plastics Products,Plastic Products
ARSHIYA,Miscellaneous,Transportation
ARSSBL,Finance & Investments,Financials
ARTEMISMED,Healthcare,Healthcare
ARTNIRMAN,Construction,Industrials
ARVEE,Chemicals,Chemicals
ARVIND,Textiles - Cotton/Blended,Textiles
ARVINDFASN,Trading,Consumer Discretionary
ARVSMART,Construction,Industrials
ASAHIINDIA,Glass & Glass Products,Building Materials
ASAHISONG,Dyes And Pigments,Chemicals
ASAL,Auto Ancillaries,Auto
ASALCBR,Breweries & Distilleries,Fmcg
ASHAPURMIN,Mining / Minerals / Metals,Metals & Mining
ASHIANA,Construction,Industrials
ASHIMASYN,Diversified - Medium / Small,Miscellaneous
ASHOKA,Engineering - Turnkey Services,Industrials
ASHOKAMET,Trading,Metals & Mining
ASHOKLEY,Automobiles - Lcvs / Hcvs,Auto
ASIANENE,Oil Drilling / Allied Services,Energy
ASIANHOTNR,Hotels,Services
ASIANPAINT,Paints / Varnishes,Building Materials
ASIANTILES,Ceramics - Tiles / Sanitaryware,Building Materials
ASKAUTOLTD,Auto Ancillaries,Auto
ASMS,Computers - Software - Medium / Small,I.T
ASPINWALL,Diversified - Medium / Small,Miscellaneous
ASTAR,Diamond Cutting / Jewellery,Consumer Discretionary
ASTEC,Pesticides / Agrochemicals - Indian,Chemicals
ASTERDM,Healthcare,Healthcare
ASTRAL,Plastics Products,Plastic Products
ASTRAMICRO,Telecommunications - Equipment,Aerospace & Defence
ASTRAZEN,Pharmaceuticals - Multinational,Healthcare
ASTRON,Paper,Building Materials
ATALREAL,Construction,Industrials
ATAM,Engineering,Industrials
ATGL,Miscellaneous,Energy
ATHERENERG,Automobiles - Scooters And 3 - Wheelers,Auto
ATL,Miscellaneous,Transportation
ATLANTAA,Engineering - Turnkey Services,Industrials
ATLANTAELE,Electric Equipment,Industrials
ATLASCYCLE,Cycles And Accessories,Consumer Discretionary
ATUL,Chemicals,Chemicals
ATULAUTO,Automobiles - Scooters And 3 - Wheelers,Auto
AUBANK,Banks - Private Sector,Bank
AURIONPRO,Computers - Software - Medium / Small,I.T
AUROPHARMA,Pharmaceuticals - Indian - Bulk Drugs & Formln,Healthcare
AURUM,Computers - Software - Medium / Small,I.T
AUSOMENT,Trading,Consumer Discretionary
AUTOAXLES,Auto Ancillaries,Auto
AUTOIND,Auto Ancillaries,Auto
AVADHSUGAR,Sugar,Fmcg
AVALON,Electronics - Components,Consumer Discretionary
AVANTEL,Telecommunications - Equipment,Aerospace & Defence
AVANTIFEED,Food - Processing - Indian,Fmcg
AVG,Miscellaneous,Transportation
AVL,Trading,Consumer Discretionary
AVONMORE,Finance & Investments,Financials
AVROIND,Plastics Products,Plastic Products
AVTNPL,Solvent Extraction,Fmcg
AWFIS,Miscellaneous,Co-Working
AWHCL,Miscellaneous,Miscellaneous
AWL,Solvent Extraction,Fmcg
AXISBANK,Banks - Private Sector,Bank
AXISCADES,Computers - Software - Medium / Small,Aerospace & Defence
AXITA,Textiles - Products,Textiles
AYE,Finance & Investments,Financials
AYMSYNTEX,Textiles - Processing,Textiles
AZAD,Engineering,Aerospace & Defence
BAFNAPH,Pharmaceuticals - Indian - Formulations,Healthcare
BAGFILMS,Entertainment / Electronic Media Software,Media
BAIDFIN,Finance & Investments,Financials
BAJAJ-AUTO,Automobiles - Scooters And 3 - Wheelers,Auto
BAJAJCON,Personal Care - Indian,Fmcg
BAJAJELEC,Domestic Appliances,Consumer Discretionary
BAJAJFINSV,Finance & Investments,Financials
BAJAJHCARE,Pharmaceuticals - Indian - Bulk Drugs & Formln,Healthcare
BAJAJHFL,Finance - Housing,Financials
BAJAJHIND,Sugar,Fmcg
BAJAJHLDNG,Finance & Investments,Financials
BAJAJINDEF,Engineering,Industrials
BAJAJST,Engineering,Industrials
BAJEL,Engineering - Turnkey Services,Industrials
BAJFINANCE,Finance & Investments,Financials
BALAJEE,Packaging,Industrials
BALAJITELE,Entertainment / Electronic Media Software,Media
BALAMINES,Chemicals,Chemicals
BALAXI,Pharmaceuticals - Indian - Bulk Drugs & Formln,Healthcare
BALKRISHNA,Trading,Services
BALKRISIND,Tyres,Auto
BALMLAWRIE,Diversified - Large,Miscellaneous
BALPHARMA,Pharmaceuticals - Indian - Bulk Drugs & Formln,Healthcare
BALRAMCHIN,Sugar,Fmcg
BALUFORGE,Castings & Forgings,Industrials
BANARBEADS,Glass & Glass Products,Building Materials
BANARISUG,Sugar,Fmcg
BANCOINDIA,Auto Ancillaries,Auto
BANDHANBNK,Banks - Private Sector,Bank
BANG,Trading,Textiles
BANKA,Miscellaneous,Miscellaneous
BANKBARODA,Banks - Public Sector,Bank
BANKINDIA,Banks - Public Sector,Bank
BANSALWIRE,Steel - Medium / Small,Metals & Mining
BANSWRAS,Textiles - Spinning - Synthetic / Blended,Textiles
BASF,Chemicals,Chemicals
BASML,Textiles - Cotton/Blended,Textiles
BATAINDIA,Leather / Leather Products,Consumer Discretionary
BATLIBOI,Engineering,Industrials
BAYERCROP,Pesticides / Agrochemicals - Multinational,Chemicals
BBL,Electric Equipment,Industrials
BBOX,Computers - Software - Medium / Small,I.T
BBTC,Auto Ancillaries,Auto
BBTCL,Packaging,Industrials
BCG,Computers - Software - Medium / Small,I.T
BCLIND,Breweries & Distilleries,Fmcg
BCONCEPTS,Trading,Consumer Discretionary
BCPL,Engineering - Turnkey Services,Industrials
BDL,Engineering,Aerospace & Defence
BEARDSELL,Plastics Products,Plastic Products
BECTORFOOD,Food - Processing - Indian,Fmcg
BEDMUTHA,Mining / Minerals / Metals,Metals & Mining
BEEKAY,Steel - Medium / Small,Metals & Mining
BEL,Electronics - Components,Aerospace & Defence
BELLACASA,Textiles - Products,Consumer Discretionary
BELRISE,Auto Ancillaries,Auto
BEML,Engineering,Aerospace & Defence
BENGALASM,Finance & Investments,Financials
BEPL,Petrochemicals,Energy
BERGEPAINT,Paints / Varnishes,Building Materials
BESTAGRO,Pesticides / Agrochemicals - Indian,Chemicals
BETA,Pharmaceuticals - Indian - Bulk Drugs,Healthcare
BFINVEST,Finance & Investments,Financials
BFUTILITIE,Power Generation And Supply,Power & Utilities
BGRENERGY,Engineering - Turnkey Services,Industrials
BHAGCHEM,Pesticides / Agrochemicals - Indian,Chemicals
BHAGERIA,Dyes And Pigments,Chemicals
BHAGYANGR,Power Generation And Supply,Power & Utilities
BHANDARI,Textiles - Products,Textiles
BHARATCOAL,Mining / Minerals / Metals,Metals & Mining
BHARATFORG,Castings & Forgings,Industrials
BHARATGEAR,Auto Ancillaries,Auto
BHARATRAS,Pesticides / Agrochemicals - Indian,Chemicals
BHARATSE,Auto Ancillaries,Auto
BHARATWIRE,Steel - Medium / Small,Metals & Mining
BHARTIARTL,Telecommunications - Service Provider,Telecom-Service
BHARTIHEXA,Telecommunications - Service Provider,Telecom-Service
BHEL,Electric Equipment,Industrials
BI,Packaging,Industrials
BIGBLOC,Cement Products,Building Materials
BIKAJI,Food - Processing - Indian,Fmcg
BIL,Leather / Leather Products,Consumer Discretionary
BILVYAPAR,Miscellaneous,Miscellaneous
BIMETAL,Bearings,Industrials
BIOCON,Pharmaceuticals - Indian - Bulk Drugs & Formln,Healthcare
BIOFILCHEM,Trading,Healthcare
BIRLACABLE,Cables - Telephone,Industrials
BIRLACORPN,Cement - North India,Building Materials
BIRLAMONEY,Finance & Investments,Financials
BIRLANU,Cement Products,Building Materials
BIRLAPREC,Engineering,Industrials
BLACKBUCK,Miscellaneous,Transportation
BLACKROSE,Trading,Chemicals
BLAL,Construction,Industrials
BLBLIMITED,Finance & Investments,Financials
BLIL,Finance & Investments,Financials
BLISSGVS,Pharmaceuticals - Indian - Formulations,Healthcare
BLKASHYAP,Construction,Industrials
BLS,Computers - Software - Medium / Small,I.T
BLSE,Computers - Software - Medium / Small,I.T
BLUECOAST,Hotels,Services
BLUEDART,Couriers,Transportation
BLUEJET,Pharmaceuticals - Indian - Bulk Drugs & Formln,Healthcare
BLUESTARCO,Air-Conditioners,Consumer Discretionary
BLUESTONE,Diamond Cutting / Jewellery,Consumer Discretionary
BLUSPRING,Diversified - Large,Miscellaneous
BMWVENTLTD,Trading,Services
BNAGROCHEM,Trading,Services
BNALTD,Tea,Fmcg
BODALCHEM,Dyes And Pigments,Chemicals
BOHRAIND,Fertilizers,Chemicals
BOMDYEING,Textiles - Manmade,Textiles
BONLON,Trading,Services
BORANA,Textiles - Processing,Textiles
BOROLTD,Glass & Glass Products,Building Materials
BORORENEW,Glass & Glass Products,Building Materials
BOROSCI,Glass & Glass Products,Building Materials
BOSCH-HCIL,Air-Conditioners,Consumer Discretionary
BOSCHLTD,Auto Ancillaries,Auto
BPCL,Refineries,Energy
BPL,Electronics - Components,Consumer Discretionary
BRIGADE,Construction,Realty
BRIGHOTEL,Hotels,Services
BRITANNIA,Food - Processing - Mnc,Fmcg
BRNL,Construction,Industrials
BROOKS,Pharmaceuticals - Indian - Bulk Drugs & Formln,Healthcare
BSE,Miscellaneous,Financials
BSHSL,Miscellaneous,Fmcg
BSL,Textiles - Processing,Textiles
BSOFT,Computers - Software - Medium / Small,I.T
BTML,Entertainment / Electronic Media Software,Media
BTTL,Textiles - Products,Textiles
BUILDPRO,Trading,Services
BUTTERFLY,Domestic Appliances,Consumer Discretionary
BVCL,Cement - North India,Building Materials
BYKE,Hotels,Services
CALSOFT,Computers - Software - Medium / Small,I.T
CAMLINFINE,Chemicals,Chemicals
CAMPUS,Leather / Leather Products,Consumer Discretionary
CAMS,Miscellaneous,Financials
CANBK,Banks - Public Sector,Bank
CANFINHOME,Finance - Housing,Financials
CANHLIFE,Finance & Investments,Financials
CANTABIL,Textiles - Products,Textiles
CAPACITE,Construction,Industrials
CAPILLARY,Computers - Software - Medium / Small,I.T
CAPITALSFB,Banks - Private Sector,Bank
CAPLIPOINT,Pharmaceuticals - Indian - Formulations,Healthcare
CAPTRUST,Finance & Investments,Financials
CARBORUNIV,Abrasives And Grinding Wheels,Industrials
CARERATING,Miscellaneous,Financials
CARTRADE,Miscellaneous,Consumer Discretionary
CARYSIL,Domestic Appliances,Consumer Discretionary
CASTROLIND,Chemicals,Chemicals
CCAVENUE,Miscellaneous,I.T
CCCL,Construction,Industrials
CCHHL,Hotels,Services
CCL,Tea,Fmcg
CDSL,Miscellaneous,Financials
CEATLTD,Tyres,Auto
CEIGALL,Construction,Industrials
CEINSYS,Computers - Software - Medium / Small,I.T
CELEBRITY,Textiles - Products,Consumer Discretionary
CELLO,Trading,Services
CEMPRO,Construction,Industrials
CENTENKA,Textiles - Manmade,Textiles
CENTEXT,Aluminium And Aluminium Products,Metals & Mining
CENTRALBK,Banks - Public Sector,Bank
CENTRUM,Finance & Investments,Financials
CENTUM,Electronics - Components,Consumer Discretionary
CENTURYPLY,Miscellaneous,Building Materials
CERA,Ceramics - Tiles / Sanitaryware,Building Materials
CEREBRAINT,Computers - Hardware,I.T
CESC,Power Generation And Supply,Power & Utilities
CEWATER,Engineering,Industrials
CGCL,Finance & Investments,Financials
CGPOWER,Electric Equipment,Industrials
CHALET,Hotels,Services
CHAMBLFERT,Fertilizers,Chemicals
CHEMBOND,Chemicals,Chemicals
CHEMBONDCH,Chemicals,Chemicals
CHEMCON,Chemicals,Chemicals
CHEMFAB,Chemicals,Chemicals
CHEMPLASTS,Chemicals,Chemicals
CHENNPETRO,Refineries,Energy
CHEVIOT,Textiles - Jute - Yarn / Products,Textiles
CHOICEIN,Finance & Investments,Financials
CHOLAFIN,Finance & Investments,Financials
CHOLAHLDNG,Finance & Investments,Financials
CIEINDIA,Castings & Forgings,Industrials
CIFL,Finance & Investments,Financials
CINELINE,Entertainment / Electronic Media Software,Media
CINEVISTA,Construction,Industrials
CIPLA,Pharmaceuticals - Indian - Bulk Drugs & Formln,Healthcare
CLEAN,Chemicals,Chemicals
CLEANMAX,Power Generation And Supply,Power & Utilities
CLEDUCATE,Miscellaneous,Services
CLSEL,Food - Processing - Indian,Fmcg
CMPDI,Miscellaneous,Miscellaneous
CMRGREEN,Miscellaneous,Miscellaneous
CMSINFO,Miscellaneous,Miscellaneous
COALINDIA,Mining / Minerals / Metals,Metals & Mining
COASTCORP,Aquaculture,Fmcg
COCHINSHIP,Miscellaneous,Aerospace & Defence
COCKERILL,Engineering,Industrials
COFFEEDAY,Hotels,Consumer Discretionary
COFORGE,Computers - Software - Large,I.T
COHANCE,Pharmaceuticals - Indian - Bulk Drugs & Formln,Healthcare
COLPAL,Personal Care - Multinational,Fmcg
COMFINTE,Trading,Services
COMPINFO,Trading,Services
COMPUSOFT,Computers - Education,I.T
COMSYN,Packaging,Industrials
CONCOR,Miscellaneous,Transportation
CONCORDBIO,Pharmaceuticals - Indian - Bulk Drugs & Formln,Healthcare
CONFIPET,Miscellaneous,Miscellaneous
CONSOFINVT,Finance & Investments,Financials
CONTROLPR,Computers - Hardware,I.T
CORALFINAC,Finance - Housing,Financials
CORDELIA,Hotels,Services
CORDSCABLE,Cables - Power,Industrials
COROMANDEL,Fertilizers,Chemicals
CORONA,Pharmaceuticals - Indian - Bulk Drugs & Formln,Healthcare
COSMOFIRST,Packaging,Industrials
COUNCODOS,Construction,Industrials
CPCAP,Finance & Investments,Financials
CPEDU,Miscellaneous,Services
CPPLUS,Trading,Consumer Discretionary
CRAFTSMAN,Auto Ancillaries,Auto
CRAMC,Finance & Investments,Financials
CREATIVEYE,Entertainment / Electronic Media Software,Media
CREDITACC,Finance & Investments,Financials
CREST,Finance & Investments,Financials
CRISIL,Miscellaneous,Financials
CRIZAC,Miscellaneous,Services
CROMPTON,Electric Equipment,Consumer Discretionary
CROWN,Miscellaneous,Miscellaneous
CSBBANK,Banks - Private Sector,Bank
CSLFINANCE,Finance & Investments,Financials
CTE,Computers - Software - Medium / Small,I.T
CUB,Banks - Private Sector,Bank
CUBEXTUB,Mining / Minerals / Metals,Metals & Mining
CUMMINSIND,Engines,Industrials
CUPID,Personal Care - Indian,Fmcg
CURAA,Computers - Software - Medium / Small,I.T
CYBERMEDIA,Entertainment / Electronic Media Software,Media
CYBERTECH,Computers - Software - Medium / Small,I.T
CYIENT,Computers - Software - Medium / Small,I.T
CYIENTDLM,Electronics - Components,Consumer Discretionary
DABUR,Personal Care - Indian,Fmcg
DAICHI,Chemicals,Chemicals
DALBHARAT,Cement - South India,Building Materials
DALMIASUG,Sugar,Fmcg
DAMCAPITAL,Finance & Investments,Financials
DAMODARIND,Textiles - Spinning - Synthetic / Blended,Textiles
DANGEE,Food - Processing - Indian,Fmcg
DATAMATICS,Computers - Software - Medium / Small,I.T
DATAPATTNS,Electronics - Components,Aerospace & Defence
DAVANGERE,Sugar,Fmcg
DBCORP,Entertainment / Electronic Media Software,Media
DBEIL,Construction,Industrials
DBL,Construction,Industrials
DBOL,Sugar,Fmcg
DBREALTY,Construction,Industrials
DBSTOCKBRO,Finance & Investments,Financials
DCAL,Pharmaceuticals - Indian - Bulk Drugs & Formln,Healthcare
DCBBANK,Banks - Private Sector,Bank
DCI,Trading,I.T
DCM,Castings & Forgings,Industrials
DCMFINSERV,Finance & Investments,Financials
DCMNVL,Textiles - Cotton/Blended,Textiles
DCMSHRIRAM,Diversified - Mega,Miscellaneous
DCMSIL,Textiles - Manmade,Textiles
DCMSRIND,Sugar,Fmcg
DCW,Petrochemicals,Energy
DCXINDIA,Electronics - Components,Aerospace & Defence
DDEVPLSTIK,Chemicals,Chemicals
DECCANCE,Cement - South India,Building Materials
DECNGOLD,Mining / Minerals / Metals,Metals & Mining
DEEDEV,Steel - Medium / Small,Metals & Mining
DEEPAKFERT,Chemicals,Chemicals
DEEPAKNTR,Chemicals,Chemicals
DEEPINDS,Oil Drilling / Allied Services,Energy
DELHIVERY,Miscellaneous,Transportation
DELPHIFX,Finance & Investments,Financials
DELTACORP,Recreation / Amusement Parks,Miscellaneous
DELTAMAGNT,Textiles - Products,Textiles
DEN,Entertainment / Electronic Media Software,Media
DENORA,Electrodes - Graphites,Industrials
DENTA,Construction,Industrials
DEVIT,Computers - Software - Medium / Small,I.T
DEVX,Miscellaneous,Co-Working
DEVYANI,Hotels,Consumer Discretionary
DGCONTENT,Entertainment / Electronic Media Software,Media
DHAMPURSUG,Sugar,Fmcg
DHANBANK,Banks - Private Sector,Bank
DHANUKA,Pesticides / Agrochemicals - Indian,Chemicals
DHARAN,Construction,Industrials
DHARMAJ,Pesticides / Agrochemicals - Indian,Chemicals
DHRUV,Miscellaneous,Miscellaneous
DHUNINV,Finance & Investments,Financials
DIACABS,Cables - Power,Industrials
DIAMINESQ,Chemicals,Chemicals
DIAMONDYD,Food - Processing - Indian,Fmcg
DICIND,Chemicals,Chemicals
DIFFNKG,Electrodes - Welding Equipment,Industrials
DIGIDRIVE,Trading,I.T
DIGISPICE,Computers - Software - Medium / Small,I.T
DIGITIDE,Computers - Software - Medium / Small,I.T
DIGJAMLMTD,Textiles - Products,Textiles
DISAQ,Engineering,Industrials
DISHTV,Entertainment / Electronic Media Software,Media
DIVGIITTS,Auto Ancillaries,Auto
DIVISLAB,Pharmaceuticals - Indian - Bulk Drugs,Healthcare
DIXON,Electronics - Consumer,Consumer Discretionary
DJML,Diversified - Medium / Small,Miscellaneous
DLF,Construction,Realty
DLINKINDIA,Trading,Services
DMART,Trading,Consumer Discretionary
DMCC,Chemicals,Chemicals
DNAMEDIA,Entertainment / Electronic Media Software,Media
DODLA,Food - Processing - Indian,Fmcg
DOLATALGO,Finance & Investments,Financials
DOLLAR,Textiles - Products,Consumer Discretionary
DOLPHIN,Oil Drilling / Allied Services,Energy
DOMS,Printing & Stationery,Miscellaneous
DONEAR,Textiles - Processing,Textiles
DPABHUSHAN,Diamond Cutting / Jewellery,Consumer Discretionary
DPSCLTD,Power Generation And Supply,Power & Utilities
DPWIRES,Steel - Medium / Small,Metals & Mining
DRAGARWQ,Healthcare,Healthcare
DRCSYSTEMS,Computers - Software - Medium / Small,I.T
DREAMFOLKS,Miscellaneous,Miscellaneous
DREDGECORP,Miscellaneous,Miscellaneous
DRREDDY,Pharmaceuticals - Indian - Bulk Drugs & Formln,Healthcare
DSFCL,Chemicals,Chemicals
DSSL,Computers - Software - Medium / Small,I.T
DTIL,Tea,Fmcg
DUCON,Engineering - Turnkey Services,Industrials
DVL,Trading,Services
DWARKESH,Sugar,Fmcg
DYCL,Cables - Power,Industrials
DYNAMATECH,Engineering,Industrials
DYNPRO,Dyes And Pigments,Chemicals
E2E,Computers - Software - Medium / Small,I.T
EASEMYTRIP,Travel Agencies,I.T
EASTSILK,Textiles - Silk,Textiles
EBGNG,Trading,Services
ECLERX,Computers - Software - Medium / Small,I.T
ECOSMOBLTY,Miscellaneous,Miscellaneous
EDELWEISS,Finance & Investments,Financials
EFCIL,Construction,Industrials
EICHERMOT,Automobiles - Motorcycles / Mopeds,Auto
EIDPARRY,Sugar,Fmcg
EIEL,Engineering - Turnkey Services,Industrials
EIFFL,Food - Processing - Indian,Fmcg
EIHAHOTELS,Hotels,Services
EIHOTEL,Hotels,Services
EIMCOELECO,Engineering,Industrials
EKC,Packaging,Industrials
ELANTAS,Chemicals,Chemicals
ELCIDIN,Finance & Investments,Financials
ELDEHSG,Construction,Industrials
ELECON,Engineering,Industrials
ELECTCAST,Castings & Forgings,Industrials
ELECTHERM,Steel - Medium / Small,Metals & Mining
ELGIEQUIP,Compressors / Drilling Equipment,Industrials
ELGIRUBCO,Miscellaneous,Fmcg
ELIN,Electronics - Components,Consumer Discretionary
ELITECON,Miscellaneous,Fmcg
ELPROINTL,Construction,Industrials
EMAMILTD,Personal Care - Indian,Fmcg
EMAMIPAP,Paper,Building Materials
EMAMIREAL,Construction,Industrials
EMBDL,Construction,Industrials
EMCURE,Pharmaceuticals - Indian - Bulk Drugs & Formln,Healthcare
EMIL,Trading,Consumer Discretionary
EMKAY,Finance & Investments,Financials
EMMBI,Packaging,Industrials
EMMVEE,Electric Equipment,Industrials
EMPOWER,Trading,Services
EMSLIMITED,Engineering - Turnkey Services,Industrials
EMUDHRA,Computers - Software - Medium / Small,I.T
ENDURANCE,Auto Ancillaries,Auto
ENERGYDEV,Power Generation And Supply,Power & Utilities
ENGINERSIN,Engineering - Turnkey Services,Industrials
ENIL,Entertainment / Electronic Media Software,Media
ENRIN,Power Generation And Supply,Power & Utilities
ENTERO,Trading,Healthcare
EPACK,Air-Conditioners,Consumer Discretionary
EPACKPEB,Steel - Medium / Small,Metals & Mining
EPIGRAL,Chemicals,Chemicals
EPL,Packaging,Industrials
EQUIPPP,Computers - Software - Medium / Small,I.T
EQUITASBNK,Banks - Private Sector,Bank
ERIS,Pharmaceuticals - Indian - Formulations,Healthcare
ESABINDIA,Electrodes - Welding Equipment,Industrials
ESAFSFB,Banks - Private Sector,Bank
ESCORTS,Automobiles - Tractors,Auto
ESSARSHPNG,Shipping,Transportation
ESSENTIA,Trading,Services
ESTER,Packaging,Industrials
ETERNAL,Miscellaneous,I.T
ETHOSLTD,Trading,Consumer Discretionary
EUREKAFORB,Domestic Appliances,Consumer Discretionary
EUROBOND,Aluminium And Aluminium Products,Metals & Mining
EUROPRATIK,Trading,Building Materials
EUROTEXIND,Textiles - Cotton/Blended,Textiles
EVEREADY,Dry Cells,Industrials
EVERESTIND,Cement Products,Building Materials
EXCELINDUS,Pesticides / Agrochemicals - Indian,Chemicals
EXCELSOFT,Computers - Software - Medium / Small,I.T
EXICOM,Electric Equipment,Industrials
EXIDEIND,Auto Ancillaries,Auto
EXPLEOSOL,Computers - Software - Medium / Small,I.T
EXXARO,Ceramics - Tiles / Sanitaryware,Building Materials
FABTECH,Trading,Services
FACT,Fertilizers,Chemicals
FAIRCHEMOR,Chemicals,Chemicals
FAZE3Q,Textiles - Processing,Textiles
FCL,Chemicals,Chemicals
FCSSOFT,Computers - Software - Medium / Small,I.T
FDC,Pharmaceuticals - Indian - Bulk Drugs & Formln,Healthcare
FEDDERSHOL,Finance & Investments,Financials
FEDERALBNK,Banks - Private Sector,Bank
FEDFINA,Finance & Investments,Financials
FEL,Trading,Consumer Discretionary
FELDVR,Trading,Consumer Discretionary
FIBERWEB,Textiles - Products,Textiles
FIEMIND,Auto Ancillaries,Auto
FILATEX,Textiles - Manmade,Textiles
FILATFASH,Textiles - Products,Textiles
FINCABLES,Cables - Power,Industrials
FINEORG,Chemicals,Chemicals
FINKURVE,Finance & Investments,Financials
FINOPB,Banks - Private Sector,Bank
FINPIPE,Plastics Products,Plastic Products
FIRSTCRY,Trading,Consumer Discretionary
FISCHER,Trading,Services
FIVESTAR,Finance & Investments,Financials
FLAIR,Printing & Stationery,Miscellaneous
FLEXITUFF,Packaging,Industrials
FLFL,Trading,Consumer Discretionary
FLUOROCHEM,Chemicals,Chemicals
FMGOETZE,Auto Ancillaries,Auto
FMNL,Miscellaneous,Miscellaneous
FOCUS,Electric Equipment,Industrials
FOODSIN,Food - Processing - Indian,Fmcg
FORCEMOT,Automobiles - Lcvs / Hcvs,Auto
FORTIS,Healthcare,Healthcare
FOSECOIND,Chemicals,Chemicals
FRACTAL,Computers - Software - Medium / Small,I.T
FRONTSP,Auto Ancillaries,Auto
FSL,Computers - Software - Medium / Small,I.T
FUSION,Finance & Investments,Financials
GABRIEL,Auto Ancillaries,Auto
GAEL,Miscellaneous,Fmcg
GAIL,Miscellaneous,Energy
GALAPREC,Fasteners,Industrials
GALAXYSURF,Chemicals,Chemicals
GALLANTT,Steel - Medium / Small,Metals & Mining
GANDHAR,Refineries,Energy
GANDHITUBE,Steel - Medium / Small,Metals & Mining
GANECOS,Textiles - Manmade,Textiles
GANESHBE,Miscellaneous,Miscellaneous
GANESHCP,Food - Processing - Indian,Fmcg
GANESHHOU,Construction,Industrials
GANGAFORGE,Castings & Forgings,Industrials
GANGESSECU,Finance & Investments,Financials
GARFIBRES,Textiles - Products,Textiles
GARUDA,Engineering - Turnkey Services,Industrials
GATECH,Computers - Software - Medium / Small,I.T
GATECHDVR,Computers - Software - Medium / Small,I.T
GATEWAY,Miscellaneous,Transportation
GAUDIUMIVF,Healthcare,Healthcare
GAYAHWS,Construction,Industrials
GAYAPROJ,Construction,Industrials
GCSL,Finance & Investments,Financials
GEECEE,Finance & Investments,Financials
GEEKAYWIRE,Steel - Medium / Small,Metals & Mining
GEMAROMA,Chemicals,Chemicals
GENCON,Construction,Industrials
GENESYS,Computers - Software - Medium / Small,I.T
GENUSPAPER,Paper,Building Materials
GENUSPOWER,Electronics - Components,Consumer Discretionary
GEOJITFSL,Finance & Investments,Financials
GESHIP,Shipping,Transportation
GFLLIMITED,Finance & Investments,Financials
GHCL,Chemicals,Chemicals
GHCLTEXTIL,Textiles - Spinning - Synthetic / Blended,Textiles
GICHSGFIN,Finance - Housing,Financials
GICL,Miscellaneous,Transportation
GICRE,Finance & Investments,Financials
GILLANDERS,Tea,Fmcg
GILLETTE,Personal Care - Multinational,Fmcg
GINNIFILA,Textiles - Cotton/Blended,Textiles
GIPCL,Power Generation And Supply,Power & Utilities
GKENERGY,Engineering - Turnkey Services,Industrials
GKSL,Healthcare,Healthcare
GLAND,Pharmaceuticals - Indian - Formulations,Healthcare
GLAXO,Pharmaceuticals - Multinational,Healthcare
GLENMARK,Pharmaceuticals - Indian - Bulk Drugs & Formln,Healthcare
GLFL,Finance & Investments,Financials
GLOBAL,Miscellaneous,Services
GLOBALE,Textiles - Products,Textiles
GLOBALVECT,Transport - Airlines,Transportation
GLOBE,Textiles - Products,Textiles
GLOBECIVIL,Construction,Industrials
GLOBUSSPR,Breweries & Distilleries,Fmcg
GLOSTERLTD,Textiles - Jute - Yarn / Products,Textiles
GLOTTIS,Miscellaneous,Transportation
GMBREW,Breweries & Distilleries,Fmcg
GMDCLTD,Mining / Minerals / Metals,Metals & Mining
GMMPFAUDLR,Engineering,Industrials
GMRAIRPORT,Miscellaneous,Miscellaneous
GMRP&UI,Engineering - Turnkey Services,Industrials
GNA,Auto Ancillaries,Auto
GNFC,Chemicals,Chemicals
GNRL,Oil Drilling / Allied Services,Energy
GOACARBON,Petrochemicals,Energy
GOCLCORP,Diversified - Medium / Small,Miscellaneous
GOCOLORS,Textiles - Products,Textiles
GODAVARIB,Sugar,Fmcg
GODFRYPHLP,Cigarettes,Fmcg
GODIGIT,Finance & Investments,Financials
GODREJAGRO,Food - Processing - Indian,Fmcg
GODREJCP,Personal Care - Indian,Fmcg
GODREJIND,Chemicals,Chemicals
GODREJPROP,Construction,Realty
GOKEX,Textiles - Products,Consumer Discretionary
GOKUL,Trading,Fmcg
GOKULAGRO,Solvent Extraction,Fmcg
GOLDENTOBC,Construction,Industrials
GOLDIAM,Diamond Cutting / Jewellery,Consumer Discretionary
GOLDTECH,Computers - Software - Medium / Small,I.T
GOODLUCK,Steel - Medium / Small,Metals & Mining
GOODYEAR,Tyres,Auto
GOPAL,Food - Processing - Indian,Fmcg
GOYALALUM,Trading,Services
GPIL,Steel - Medium / Small,Metals & Mining
GPPL,Miscellaneous,Transportation
GPTHEALTH,Healthcare,Healthcare
GPTINFRA,Construction,Industrials
GRADIENTE,Entertainment / Electronic Media Software,Media
GRANDOAK,Finance & Investments,Financials
GRANULES,Pharmaceuticals - Indian - Bulk Drugs & Formln,Healthcare
GRAPHITE,Electrodes - Graphites,Industrials
GRASIM,Textiles - Manmade,Textiles
GRAUWEIL,Chemicals,Chemicals
GRAVISSHO,Hotels,Services
GRAVITA,Mining / Minerals / Metals,Metals & Mining
GREAVESCOT,Engines,Industrials
GREENLAM,Miscellaneous,Building Materials
GREENPANEL,Miscellaneous,Building Materials
GREENPLY,Miscellaneous,Building Materials
GREENPOWER,Power Generation And Supply,Power & Utilities
GRINDWELL,Abrasives And Grinding Wheels,Industrials
GRINFRA,Construction,Industrials
GRMOVER,Food - Processing - Indian,Fmcg
GROBTEA,Tea,Fmcg
GROWW,Finance & Investments,Financials
GRPLTD,Miscellaneous,Fmcg
GRSE,Miscellaneous,Aerospace & Defence
GRWRHITECH,Packaging,Industrials
GSFC,Fertilizers,Chemicals
GSLSU,Miscellaneous,Consumer Discretionary
GSPCROP,Pesticides / Agrochemicals - Indian,Chemicals
GSS,Computers - Software - Medium / Small,I.T
GTECJAINX,Computers - Education,I.T
GTL,Telecommunications - Service Provider,Telecom-Service
GTLINFRA,Transmisson Line Towers / Equipment,Telecom
GTPL,Entertainment / Electronic Media Software,Media
GUFICBIO,Pharmaceuticals - Indian - Bulk Drugs & Formln,Healthcare
GUJALKALI,Chemicals,Chemicals
GUJAPOLLO,Engineering,Industrials
GUJRAFFIA,Packaging,Industrials
GUJTHEM,Pharmaceuticals - Indian - Bulk Drugs,Healthcare
GULFOILLUB,Chemicals,Chemicals
GULFPETRO,Chemicals,Chemicals
GVKPIL,Engineering - Turnkey Services,Industrials
GVPIL,Engineering - Turnkey Services,Industrials
GVPTECH,Trading,I.T
GVT&D,Electric Equipment,Industrials
HAL,Engineering,Aerospace & Defence
HALDER,Trading,Services
HALDYNGL,Glass & Glass Products,Building Materials
HALEOSLABS,Pharmaceuticals - Indian - Bulk Drugs & Formln,Healthcare
HAPPSTMNDS,Computers - Software - Medium / Small,I.T
HAPPYFORGE,Castings & Forgings,Industrials
HARDWYN,Trading,Services
HARIOMPIPE,Steel - Medium / Small,Metals & Mining
HARRMALAYA,Miscellaneous,Fmcg
HARSHA,Engineering,Industrials
HATHWAY,Telecommunications - Service Provider,Telecom-Service
HATSUN,Food - Processing - Indian,Fmcg
HAVELLS,Electric Equipment,Consumer Discretionary
HAVISHA,Hotels,Services
HAWKINCOOK,Domestic Appliances,Consumer Discretionary
HBESD,Hotels,Services
HBLENGINE,Auto Ancillaries,Auto
HBSL,Finance & Investments,Financials
HCC,Construction,Industrials
HCG,Healthcare,Healthcare
HCL-INSYS,Computers - Hardware,I.T
HCLTECH,Computers - Software - Large,I.T
HDBFS,Finance & Investments,Financials
HDFCAMC,Finance & Investments,Financials
HDFCBANK,Banks - Private Sector,Bank
HDFCLIFE,Finance & Investments,Financials
HDIL,Construction,Industrials
HEADSUP,Trading,Consumer Discretionary
HEALTHX,Finance & Investments,Financials
HECPROJECT,Engineering - Turnkey Services,Industrials
HEG,Electrodes - Graphites,Industrials
HEIDELBERG,Cement - North India,Building Materials
HEMIPROP,Construction,Industrials
HERANBA,Pesticides / Agrochemicals - Indian,Chemicals
HERITGFOOD,Food - Processing - Indian,Fmcg
HEROMOTOCO,Automobiles - Motorcycles / Mopeds,Auto
HESTERBIO,Pharmaceuticals - Indian - Formulations,Healthcare
HEXAGON,Food - Processing - Indian,Fmcg
HEXATRADEX,Finance & Investments,Financials
HFCL,Cables - Telephone,Telecom
HGINFRA,Construction,Industrials
HGM,Computers - Software - Medium / Small,I.T
HGS,Computers - Software - Medium / Small,I.T
HIKAL,Pharmaceuticals - Indian - Bulk Drugs,Healthcare
HILTON,Castings & Forgings,Industrials
HIMATSEIDE,Textiles - Products,Textiles
HINDALCO,Aluminium And Aluminium Products,Metals & Mining
HINDCOMPOS,Auto Ancillaries,Auto
HINDCON,Chemicals,Chemicals
HINDCOPPER,Mining / Minerals / Metals,Metals & Mining
HINDOILEXP,Oil Drilling / Allied Services,Energy
HINDPETRO,Refineries,Energy
HINDUNILVR,Personal Care - Multinational,Fmcg
HINDWAREAP,Trading,Consumer Discretionary
HINDZINC,Mining / Minerals / Metals,Metals & Mining
HIRECT,Electronics - Components,Consumer Discretionary
HISARMETAL,Steel - Medium / Small,Metals & Mining
HITECH,Steel - Medium / Small,Metals & Mining
HITECHCORP,Packaging,Industrials
HITECHGEAR,Auto Ancillaries,Auto
HLEGLAS,Engineering,Industrials
HLVLTD,Hotels,Services
HMAAGRO,Food - Processing - Indian,Fmcg
HMT,Miscellaneous,Consumer Discretionary
HMVL,Entertainment / Electronic Media Software,Media
HNDFDS,Diversified - Large,Fmcg
HOMEFIRST,Finance - Housing,Financials
HONASA,Trading,Services
HONAUT,Electronics - Components,Consumer Discretionary
HONDAPOWER,Electric Equipment,Industrials
HPAL,Chemicals,Chemicals
HPIL,Dyes And Pigments,Chemicals
HPL,Electric Equipment,Industrials
HSCL,Chemicals,Chemicals
HTMEDIA,Entertainment / Electronic Media Software,Media
HUBTOWN,Construction,Industrials
HUDCO,Finance - Term-Lending Institutions,Financials
HUHTAMAKI,Packaging,Industrials
HYBRIDFIN,Miscellaneous,Miscellaneous
HYUNDAI,Automobiles - Passenger Cars,Auto
IBULLSLTD,Diversified - Medium / Small,Miscellaneous
ICDSLTD,Diversified - Medium / Small,Miscellaneous
ICEMAKE,Engineering,Industrials
ICICIAMC,Finance & Investments,Financials
ICICIBANK,Banks - Private Sector,Bank
ICICIGI,Finance & Investments,Financials
ICICIPRULI,Finance & Investments,Financials
ICIL,Textiles - Cotton/Blended,Textiles
ICRA,Miscellaneous,Financials
IDBI,Banks - Private Sector,Bank
IDEA,Telecommunications - Service Provider,Telecom-Service
IDEAFORGE,Engineering,Aerospace & Defence
IDFCFIRSTB,Banks - Private Sector,Bank
IEX,Miscellaneous,Financials
IFBAGRO,Breweries & Distilleries,Fmcg
IFBIND,Domestic Appliances,Consumer Discretionary
IFCI,Finance - Term-Lending Institutions,Financials
IFGLEXPOR,Refractories / Intermediates,Building Materials
IGARASHI,Electric Equipment,Industrials
IGCL,Pesticides / Agrochemicals - Indian,Chemicals
IGIL,Miscellaneous,Miscellaneous
IGL,Miscellaneous,Energy
IGPL,Chemicals,Chemicals
IIFL,Finance & Investments,Financials
IIFLCAPS,Finance & Investments,Financials
IITL,Finance & Investments,Financials
IKIO,Electric Equipment,Consumer Discretionary
IKS,Computers - Software - Medium / Small,I.T
IL&FSENGG,Construction,Industrials
IL&FSTRANS,Engineering - Turnkey Services,Industrials
IMAGICAA,Recreation / Amusement Parks,Media
IMFA,Mining / Minerals / Metals,Metals & Mining
IMPAL,Auto Ancillaries,Auto
INA,Electric Equipment,Industrials
INCREDIBLE,Steel - Medium / Small,Metals & Mining
INDBANK,Finance & Investments,Financials
INDGN,Miscellaneous,Healthcare
INDHOTEL,Hotels,Services
INDIACEM,Cement - South India,Building Materials
INDIAGLYCO,Breweries & Distilleries,Fmcg
INDIAMART,Miscellaneous,I.T
INDIANB,Banks - Public Sector,Bank
INDIANCARD,Textiles - Products,Textiles
INDIANHUME,Construction,Industrials
INDIASHLTR,Finance - Housing,Financials
INDIGO,Transport - Airlines,Transportation
INDIGOPNTS,Paints / Varnishes,Building Materials
INDIQUBE,Miscellaneous,Co-Working
INDNIPPON,Auto Ancillaries,Auto
INDOAMIN,Chemicals,Chemicals
INDOBORAX,Chemicals,Chemicals
INDOCO,Pharmaceuticals - Indian - Bulk Drugs & Formln,Healthcare
INDOFARM,Diversified - Medium / Small,Miscellaneous
INDORAMA,Textiles - Manmade,Textiles
INDOSTAR,Finance & Investments,Financials
INDOTECH,Electric Equipment,Industrials
INDOTHAI,Finance & Investments,Financials
INDOUS,Miscellaneous,Fmcg
INDOWIND,Power Generation And Supply,Power & Utilities
INDPRUD,Finance & Investments,Financials
INDRAMEDCO,Healthcare,Healthcare
INDSWFTLAB,Pharmaceuticals - Indian - Bulk Drugs & Formln,Healthcare
INDTERRAIN,Trading,Textiles
INDUSINDBK,Banks - Private Sector,Bank
INDUSTOWER,Transmisson Line Towers / Equipment,Telecom
INFOBEAN,Computers - Software - Medium / Small,I.T
INFOMEDIA,Printing & Stationery,Miscellaneous
INFY,Computers - Software - Large,I.T
INGERRAND,Compressors / Drilling Equipment,Industrials
INNOVACAP,Pharmaceuticals - Indian - Bulk Drugs & Formln,Healthcare
INNOVANA,Computers - Software - Medium / Small,I.T
INNOVISION,Miscellaneous,Miscellaneous
INOXGREEN,Miscellaneous,Miscellaneous
INOXINDIA,Packaging,Industrials
INOXWIND,Electric Equipment,Industrials
INSECTICID,Pesticides / Agrochemicals - Indian,Chemicals
INSPIRISYS,Computers - Software - Medium / Small,I.T
INTELLECT,Computers - Software - Medium / Small,I.T
INTENTECH,Computers - Software - Medium / Small,I.T
INTERARCH,Steel - Medium / Small,Metals & Mining
INTLCONV,Miscellaneous,Fmcg
INVENTURE,Finance & Investments,Financials
INVPRECQ,Castings & Forgings,Industrials
IOB,Banks - Public Sector,Bank
IOC,Refineries,Energy
IOLCP,Pharmaceuticals - Indian - Bulk Drugs & Formln,Healthcare
IONEXCHANG,Engineering - Turnkey Services,Industrials
IPCALAB,Pharmaceuticals - Indian - Bulk Drugs & Formln,Healthcare
IPL,Pesticides / Agrochemicals - Indian,Chemicals
IRB,Construction,Industrials
IRCON,Construction,Industrials
IRCTC,Travel Agencies,Transportation
IREDA,Finance - Term-Lending Institutions,Financials
IRFC,Finance - Term-Lending Institutions,Financials
IRIS,Computers - Software - Medium / Small,I.T
IRISDOREME,Textiles - Products,Consumer Discretionary
IRMENERGY,Miscellaneous,Energy
ISFT,Miscellaneous,I.T
ISGEC,Engineering - Turnkey Services,Industrials
ISHANCH,Dyes And Pigments,Chemicals
ITC,Cigarettes,Fmcg
ITCHOTELS,Hotels,Services
ITDC,Hotels,Services
ITI,Telecommunications - Equipment,Aerospace & Defence
IVALUE,Computers - Hardware,I.T
IVC,Finance & Investments,Financials
IVP,Chemicals,Chemicals
IWP,Miscellaneous,Fmcg
IXIGO,Travel Agencies,I.T
IZMO,Computers - Software - Medium / Small,I.T
J&KBANK,Banks - Private Sector,Bank
JAGRAN,Entertainment / Electronic Media Software,Media
JAGSNPHARM,Pharmaceuticals - Indian - Bulk Drugs & Formln,Healthcare
JAIBALAJI,Steel - Large,Metals & Mining
JAICORPLTD,Plastics Products,Plastic Products
JAINREC,Mining / Minerals / Metals,Metals & Mining
JAIPURKURT,Textiles - Products,Textiles
JAMNAAUTO,Auto Ancillaries,Auto
JARO,Miscellaneous,Services
JASH,Engineering,Industrials
JAYAGROGN,Chemicals,Chemicals
JAYBARMARU,Auto Ancillaries,Auto
JAYKAY,Engineering,Aerospace & Defence
JAYNECOIND,Steel - Large,Metals & Mining
JAYSREETEA,Tea,Fmcg
JBCHEPHARM,Pharmaceuticals - Indian - Bulk Drugs & Formln,Healthcare
JBMA,Auto Ancillaries,Auto
JETFREIGHT,Transport - Airlines,Transportation
JGCHEM,Chemicals,Chemicals
JHS,Personal Care - Indian,Fmcg
JINDALPHOT,Finance & Investments,Financials
JINDALPOLY,Textiles - Products,Textiles
JINDALSAW,Steel - Large,Industrials
JINDALSTEL,Steel - Large,Metals & Mining
JINDRILL,Oil Drilling / Allied Services,Energy
JINDWORLD,Textiles - Products,Textiles
JIOFIN,Finance & Investments,Financials
JISLDVREQS,Plastics Products,Plastic Products
JISLJALEQS,Plastics Products,Plastic Products
JITFINFRA,Miscellaneous,Miscellaneous
JKCEMENT,Cement - North India,Building Materials
JKIL,Construction,Industrials
JKIPL,Trading,Services
JKLAKSHMI,Cement - North India,Building Materials
JKPAPER,Paper,Building Materials
JKTYRE,Tyres,Auto
JLHL,Healthcare,Healthcare
JMA,Auto Ancillaries,Auto
JMFINANCIL,Finance & Investments,Financials
JNKINDIA,Engineering - Turnkey Services,Industrials
JOCIL,Chemicals,Chemicals
JPOLYINVST,Finance & Investments,Financials
JPPOWER,Power Generation And Supply,Power & Utilities
JSFB,Banks - Private Sector,Bank
JSL,Steel - Large,Metals & Mining
JSLL,Trading,Healthcare
JSWCEMENT,Cement - North India,Building Materials
JSWDULUX,Paints / Varnishes,Building Materials
JSWENERGY,Power Generation And Supply,Power & Utilities
JSWHL,Finance & Investments,Financials
JSWINFRA,Miscellaneous,Transportation
JSWSTEEL,Steel - Large,Metals & Mining
JTEKTINDIA,Auto Ancillaries,Auto
JTLIND,Steel - Medium / Small,Metals & Mining
JUBLCPL,Chemicals,Chemicals
JUBLFOOD,Hotels,Consumer Discretionary
JUBLINGREA,Chemicals,Chemicals
JUBLPHARMA,Pharmaceuticals - Indian - Bulk Drugs,Healthcare
JUNIPER,Hotels,Services
JUSTDIAL,Miscellaneous,I.T
JWL,Engineering,Industrials
JYOTHYLAB,Personal Care - Indian,Fmcg
JYOTICNC,Engineering,Industrials
JYOTISTRUC,Transmisson Line Towers / Equipment,Industrials
KABRAEXTRU,Engineering,Industrials
KAJARIACER,Ceramics - Tiles / Sanitaryware,Building Materials
KAKATCEM,Cement - South India,Building Materials
KALAMANDIR,Trading,Consumer Discretionary
KALPATARU,Construction,Industrials
KALYANIFRG,Castings & Forgings,Industrials
KALYANKJIL,Diamond Cutting / Jewellery,Consumer Discretionary
KAMAHOLD,Finance & Investments,Financials
KAMATHOTEL,Hotels,Services
KAMDHENU,Steel - Medium / Small,Metals & Mining
KAMOPAINTS,Trading,Metals & Mining
KANANIIND,Diamond Cutting / Jewellery,Consumer Discretionary
KANCHI,Chemicals,Chemicals
KANORICHEM,Chemicals,Chemicals
KANPRPLA,Packaging,Industrials
KANSAINER,Paints / Varnishes,Building Materials
KAPSTON,Miscellaneous,Miscellaneous
KARMAENG,Power Generation And Supply,Power & Utilities
KARURVYSYA,Banks - Private Sector,Bank
KAUSHALYA,Hotels,Services
KAVDEFENCE,Telecommunications - Equipment,Aerospace & Defence
KAYA,Miscellaneous,Healthcare
KAYNES,Electronics - Components,Consumer Discretionary
KCP,Cement - South India,Building Materials
KCPSUGIND,Sugar,Fmcg
KDDL,Miscellaneous,Consumer Discretionary
KEC,Transmisson Line Towers / Equipment,Industrials
KECL,Electric Equipment,Industrials
KEEPLEARN,Miscellaneous,Services
KEI,Cables - Power,Industrials
KELLTONTEC,Computers - Software - Medium / Small,I.T
KENNAMET,Castings & Forgings,Industrials
KERNEX,Electronics - Components,Consumer Discretionary
KESORAMIND,Miscellaneous,Miscellaneous
KEYFINSERV,Finance & Investments,Financials
KFINTECH,Miscellaneous,Financials
KHADIM,Leather / Leather Products,Consumer Discretionary
KHAICHEM,Fertilizers,Chemicals
KHAITANLTD,Trading,Services
KHANDSE,Finance & Investments,Financials
KICL,Finance & Investments,Financials
KILITCH,Pharmaceuticals - Indian - Formulations,Healthcare
KIMS,Healthcare,Healthcare
KINGFA,Plastics Products,Plastic Products
KIOCL,Mining / Minerals / Metals,Metals & Mining
KIRANVYPAR,Finance & Investments,Financials
KIRIINDUS,Dyes And Pigments,Chemicals
KIRLFER,Steel - Large,Metals & Mining
KIRLOSBROS,Pumps,Industrials
KIRLOSENG,Engines,Industrials
KIRLOSIND,Finance & Investments,Financials
KIRLPNU,Compressors / Drilling Equipment,Industrials
KISSHT,Finance & Investments,I.T
KITEX,Textiles - Products,Consumer Discretionary
KKCL,Textiles - Products,Consumer Discretionary
KLBRENG-B,Engineering,Industrials
KMEW,Miscellaneous,Transportation
KMSUGAR,Sugar,Fmcg
KNAGRI,Solvent Extraction,Fmcg
KNRCON,Construction,Industrials
KOHINOOR,Food - Processing - Indian,Fmcg
KOKUYOCMLN,Printing & Stationery,Miscellaneous
KOLTEPATIL,Construction,Industrials
KOPRAN,Pharmaceuticals - Indian - Bulk Drugs & Formln,Healthcare
KOTAKBANK,Banks - Private Sector,Bank
KOTHARIPET,Petrochemicals,Energy
KOTHARIPRO,Trading,Services
KOTIC,Trading,Services
KOTYARK,Miscellaneous,Miscellaneous
KOVAI,Healthcare,Healthcare
KPEL,Engineering - Turnkey Services,Industrials
KPIGREEN,Power Generation And Supply,Power & Utilities
KPIL,Transmisson Line Towers / Equipment,Industrials
KPITTECH,Computers - Software - Medium / Small,I.T
KPL,Pharmaceuticals - Indian - Bulk Drugs & Formln,Healthcare
KPRMILL,Textiles - Products,Consumer Discretionary
KRBL,Food - Processing - Indian,Fmcg
KREBSBIO,Pharmaceuticals - Indian - Bulk Drugs,Healthcare
KRIDHANINF,Trading,Services
KRISHANA,Fertilizers,Chemicals
KRISHIVAL,Food - Processing - Indian,Fmcg
KRISHNADEF,Steel - Medium / Small,Aerospace & Defence
KRITI,Plastics Products,Plastic Products
KRITIKA,Steel - Medium / Small,Metals & Mining
KRITINUT,Solvent Extraction,Fmcg
KRN,Engineering,Industrials
KRONOX,Chemicals,Chemicals
KROSS,Auto Ancillaries,Auto
KRSNAA,Healthcare,Healthcare
KRYSTAL,Miscellaneous,Miscellaneous
KSB,Pumps,Industrials
KSCL,Miscellaneous,Fmcg
KSHINTL,Mining / Minerals / Metals,Metals & Mining
KSHITIJPOL,Printing & Stationery,Miscellaneous
KSL,Steel - Medium / Small,Metals & Mining
KSOLVES,Computers - Software - Medium / Small,I.T
KSR,Trading,Services
KTKBANK,Banks - Private Sector,Bank
KUANTUM,Paper,Building Materials
KWIL,Food - Processing - Mnc,Fmcg
LAGNAM,Textiles - Products,Textiles
LAHOTIOV,Trading,Services
LAKPRE,Fasteners,Industrials
LAL,Textiles - Processing,Textiles
LALPATHLAB,Healthcare,Healthcare
LAMBODHARA,Textiles - Cotton/Blended,Textiles
LANCORHOL,Construction,Industrials
LANDMARK,Trading,Consumer Discretionary
LANDSMILL,Trading,Services
LAOPALA,Glass & Glass Products,Building Materials
LASA,Pharmaceuticals - Indian - Bulk Drugs & Formln,Healthcare
LATENTVIEW,Computers - Software - Medium / Small,I.T
LATTEYS,Pumps,Industrials
LAURUSLABS,Pharmaceuticals - Indian - Bulk Drugs & Formln,Healthcare
LAXMICOT,Textiles - Cotton/Blended,Textiles
LAXMIDENTL,Healthcare,Healthcare
LAXMIINDIA,Finance & Investments,Financials
LCCINFOTEC,Computers - Education,Services
LEMERITE,Trading,Textiles
LEMONTREE,Hotels,Services
LENSKART,Personal Care - Indian,Fmcg
LEXUS,Ceramics - Tiles / Sanitaryware,Building Materials
LFIC,Finance & Investments,Financials
LGBBROSLTD,Bearings,Auto
LGEINDIA,Electronics - Consumer,Consumer Discretionary
LGHL,Diamond Cutting / Jewellery,Consumer Discretionary
LIBAS,Food - Processing - Indian,Fmcg
LIBERTSHOE,Leather / Leather Products,Consumer Discretionary
LICHSGFIN,Finance - Housing,Financials
LICI,Finance & Investments,Financials
LIKHITHA,Construction,Industrials
LINC,Printing & Stationery,Miscellaneous
LINCOLN,Pharmaceuticals - Indian - Formulations,Healthcare
LINDEINDIA,Chemicals,Chemicals
LLOYDSENGG,Engineering,Industrials
LLOYDSENT,Trading,Services
LLOYDSME,Mining / Minerals / Metals,Metals & Mining
LMW,Textile Machinery,Industrials
LODHA,Construction,Realty
LOKESHMACH,Engineering,Industrials
LORDSCHLO,Chlor Alkali / Soda Ash,Chemicals
LOTUSDEV,Construction,Industrials
LOTUSEYE,Healthcare,Healthcare
LOVABLE,Textiles - Products,Textiles
LOYALTEX,Textiles - Composite,Textiles
LPDC,Construction,Industrials
LT,Engineering - Turnkey Services,Industrials
LTF,Finance & Investments,Financials
LTFOODS,Food - Processing - Indian,Fmcg
LTM,Computers - Software - Large,I.T
LTTS,Computers - Software - Large,I.T
LUMAXIND,Auto Ancillaries,Auto
LUMAXTECH,Auto Ancillaries,Auto
LUPIN,Pharmaceuticals - Indian - Bulk Drugs & Formln,Healthcare
LUXIND,Textiles - Composite,Textiles
LXCHEM,Chemicals,Chemicals
LYKALABS,Pharmaceuticals - Indian - Bulk Drugs & Formln,Healthcare
LYPSAGEMS,Diamond Cutting / Jewellery,Consumer Discretionary
M&M,Automobiles - Passenger Cars,Auto
M&MFIN,Finance & Investments,Financials
MAANALU,Aluminium And Aluminium Products,Metals & Mining
MACPOWER,Engineering,Industrials
MADHAV,Miscellaneous,Consumer Discretionary
MADHAVIPL,Construction,Industrials
MADHUCON,Construction,Industrials
MADRASFERT,Fertilizers,Chemicals
MAFATIND,Diversified - Large,Miscellaneous
MAGADSUGAR,Sugar,Fmcg
MAGNUM,Paper,Building Materials
MAHABANK,Banks - Public Sector,Bank
MAHAPEXLTD,Finance & Investments,Financials
MAHASTEEL,Steel - Medium / Small,Metals & Mining
MAHEPC,Plastics Products,Plastic Products
MAHESHWARI,Trading,Services
MAHLIFE,Construction,Industrials
MAHLOG,Miscellaneous,Transportation
MAHSCOOTER,Finance & Investments,Financials
MAHSEAMLES,Steel - Large,Industrials
MAITHANALL,Mining / Minerals / Metals,Metals & Mining
MAJESAUT,Diversified - Medium / Small,Miscellaneous
MALLCOM,Textiles - Products,Textiles
MALUPAPER,Paper,Building Materials
MAMATA,Engineering,Industrials
MANAKALUCO,Aluminium And Aluminium Products,Metals & Mining
MANAKCOAT,Steel - Medium / Small,Metals & Mining
MANAKSIA,Trading,Services
MANAKSTEEL,Steel - Medium / Small,Metals & Mining
MANALIPETC,Petrochemicals,Energy
MANAPPURAM,Finance & Investments,Financials
MANBA,Finance & Investments,Financials
MANCREDIT,Finance & Investments,Financials
MANGALAM,Pharmaceuticals - Indian - Bulk Drugs & Formln,Healthcare
MANGLMCEM,Cement - North India,Building Materials
MANINDS,Steel - Medium / Small,Metals & Mining
MANINFRA,Construction,Industrials
MANKIND,Pharmaceuticals - Indian - Bulk Drugs & Formln,Healthcare
MANOMAY,Textiles - Products,Textiles
MANORAMA,Food - Processing - Indian,Fmcg
MANORG,Chemicals,Chemicals
MANUGRAPH,Engineering,Industrials
MANYAVAR,Textiles - Products,Consumer Discretionary
MAPMYINDIA,Computers - Software - Medium / Small,I.T
MARALOVER,Textiles - Cotton/Blended,Textiles
MARATHON,Construction,Industrials
MARICO,Solvent Extraction,Fmcg
MARINE,Electric Equipment,Industrials
MARKOLINES,Construction,Industrials
MARKSANS,Pharmaceuticals - Indian - Formulations,Healthcare
MARSONS,Electric Equipment,Industrials
MARUTI,Automobiles - Passenger Cars,Auto
MASFIN,Finance & Investments,Financials
MASKINVEST,Finance & Investments,Financials
MASTEK,Computers - Software - Medium / Small,I.T
MASTERTR,Finance & Investments,Financials
MATRIMONY,Miscellaneous,Miscellaneous
MAWANASUG,Sugar,Fmcg
MAXESTATES,Construction,Industrials
MAXHEALTH,Healthcare,Healthcare
MAXIND,Finance & Investments,Financials
MAYURUNIQ,Leather / Leather Products,Consumer Discretionary
MAZDA,Engineering,Industrials
MAZDOCK,Miscellaneous,Aerospace & Defence
MBAPL,Fertilizers,Chemicals
MBEL,Construction,Industrials
MBLINFRA,Construction,Industrials
MCCHRLS-B,Miscellaneous,Realty
MCL,Mining / Minerals / Metals,Metals & Mining
MCLEODRUSS,Tea,Fmcg
MCLOUD,Computers - Software - Medium / Small,I.T
MCX,Miscellaneous,Financials
MEDANTA,Healthcare,Healthcare
MEDIASSIST,Miscellaneous,Miscellaneous
MEDICAMEQ,Pharmaceuticals - Indian - Formulations,Healthcare
MEDICO,Pharmaceuticals - Indian - Bulk Drugs & Formln,Healthcare
MEDPLUS,Trading,Consumer Discretionary
MEESHO,Miscellaneous,I.T
MEGASTAR,Food - Processing - Indian,Fmcg
MEIL,Electric Equipment,Industrials
MENNPIS,Auto Ancillaries,Auto
MENONBE,Auto Ancillaries,Auto
MEP,Construction,Industrials
MERCANTILE,Miscellaneous,Miscellaneous
METROBRAND,Leather / Leather Products,Consumer Discretionary
METROGLOBL,Trading,Services
METROPOLIS,Healthcare,Healthcare
MFML,Textiles - Products,Textiles
MFSL,Miscellaneous,Miscellaneous
MGEL,Trading,Services
MGL,Miscellaneous,Energy
MHLXMIRU,Textiles - Processing,Textiles
MHRIL,Hotels,Services
MICEL,Electronics - Components,Consumer Discretionary
MIDHANI,Steel - Medium / Small,Aerospace & Defence
MIDWESTLTD,Miscellaneous,Consumer Discretionary
MINDACORP,Auto Ancillaries,Auto
MINDTECK,Computers - Software - Medium / Small,I.T
MIRZAINT,Leather / Leather Products,Consumer Discretionary
MITCON,Miscellaneous,Miscellaneous
MITTAL,Trading,Textiles
MMFL,Castings & Forgings,Industrials
MMP,Aluminium And Aluminium Products,Metals & Mining
MMTC,Trading,Services
MMWL,Entertainment / Electronic Media Software,Media
MOBIKWIK,Miscellaneous,I.T
MODINATUR,Solvent Extraction,Fmcg
MODIRUBBER,Miscellaneous,Miscellaneous
MODIS,Construction,Industrials
MODISONLTD,Electric Equipment,Industrials
MODTHREAD,Textiles - Spinning - Synthetic / Blended,Textiles
MOHITIND,Textiles - Processing,Textiles
MOIL,Mining / Minerals / Metals,Metals & Mining
MOKSH,Diamond Cutting / Jewellery,Consumer Discretionary
MOL,Pesticides / Agrochemicals - Indian,Chemicals
MOLDTECH,Engineering - Turnkey Services,Industrials
MOLDTKPAC,Packaging,Industrials
MONARCH,Finance & Investments,Financials
MONEYBOXX,Finance & Investments,Financials
MONTECARLO,Textiles - Products,Textiles
MORARJEE,Textiles - Products,Textiles
MOREPENLAB,Pharmaceuticals - Indian - Bulk Drugs & Formln,Healthcare
MOSCHIP,Computers - Hardware,I.T
MOTHERSON,Auto Ancillaries,Auto
MOTILALOFS,Finance & Investments,Financials
MOTISONS,Diamond Cutting / Jewellery,Consumer Discretionary
MOTOGENFIN,Miscellaneous,Realty
MPHASIS,Computers - Software - Large,I.T
MPSLTD,Computers - Software - Medium / Small,I.T
MRF,Tyres,Auto
MRPL,Refineries,Energy
MSPL,Steel - Medium / Small,Metals & Mining
MSTCLTD,Trading,I.T
MSUMI,Auto Ancillaries,Auto
MTARTECH,Engineering,Aerospace & Defence
MTEDUCARE,Miscellaneous,Services
MTNL,Telecommunications - Service Provider,Telecom
MUFIN,Finance & Investments,Financials
MUFTI,Trading,Consumer Discretionary
MUKANDLTD,Steel - Medium / Small,Metals & Mining
MUKKA,Food - Processing - Indian,Fmcg
MUKTAARTS,Entertainment / Electronic Media Software,Media
MUNJALAU,Auto Ancillaries,Auto
MUNJALSHOW,Auto Ancillaries,Auto
MURUDCERA,Ceramics - Tiles / Sanitaryware,Building Materials
MUTHOOTCAP,Finance & Investments,Financials
MUTHOOTFIN,Finance & Investments,Financials
MUTHOOTMF,Finance & Investments,Financials
MVGJL,Diamond Cutting / Jewellery,Consumer Discretionary
MWL,Steel - Medium / Small,Metals & Mining
NACLIND,Pesticides / Agrochemicals - Indian,Chemicals
NAGREEKCAP,Finance & Investments,Financials
NAGREEKEXP,Textiles - Cotton/Blended,Textiles
NAHARCAP,Finance & Investments,Financials
NAHARINDUS,Textiles - Cotton/Blended,Textiles
NAHARPOLY,Packaging,Industrials
NAHARSPING,Textiles - Cotton/Blended,Textiles
NAM-INDIA,Finance & Investments,Financials
NARMADA,Miscellaneous,Fmcg
NATCAPSUQ,Pharmaceuticals - Indian - Bulk Drugs & Formln,Healthcare
NATCOPHARM,Pharmaceuticals - Indian - Bulk Drugs & Formln,Healthcare
NATHBIOGEN,Miscellaneous,Fmcg
NATIONALUM,Aluminium And Aluminium Products,Metals & Mining
NATIONSTD,Construction,Industrials
NAUKRI,Miscellaneous,I.T
NAVA,Diversified - Large,Miscellaneous
NAVINFLUOR,Chemicals,Chemicals
NAVKARCORP,Miscellaneous,Transportation
NAVKARURB,Construction,Industrials
NAVNETEDUL,Printing & Stationery,Miscellaneous
NAZARA,Telecommunications - Service Provider,I.T
NBCC,Miscellaneous,Miscellaneous
NBIFIN,Finance & Investments,Financials
NCC,Construction,Industrials
NCLIND,Cement - South India,Building Materials
NDGL,Finance & Investments,Financials
NDL,Textiles - Products,Textiles
NDLVENTURE,Finance & Investments,Financials
NDRAUTO,Auto Ancillaries,Auto
NDTV,Entertainment / Electronic Media Software,Media
NEAGI,Tea,Fmcg
NECCLTD,Miscellaneous,Transportation
NECLIFE,Pharmaceuticals - Indian - Bulk Drugs & Formln,Healthcare
NELCAST,Castings & Forgings,Industrials
NELCO,Telecommunications - Service Provider,Telecom
NEOGEN,Chemicals,Chemicals
NEPHROPLUS,Healthcare,Healthcare
NESCO,Construction,Industrials
NESTLEIND,Food - Processing - Mnc,Fmcg
NETWEB,Computers - Hardware,I.T
NETWORK18,Entertainment / Electronic Media Software,Media
NEUEON,Trading,Services
NEULANDLAB,Pharmaceuticals - Indian - Bulk Drugs,Healthcare
NEWGEN,Computers - Software - Medium / Small,I.T
NEXTMEDIA,Entertainment / Electronic Media Software,Media
NFL,Fertilizers,Chemicals
NGIL,Food - Processing - Indian,Fmcg
NGLFINE,Pharmaceuticals - Indian - Bulk Drugs,Healthcare
NH,Healthcare,Healthcare
NHPC,Power Generation And Supply,Power & Utilities
NIACL,Finance & Investments,Financials
NIBE,Engineering,Aerospace & Defence
NIBL,Bearings,Industrials
NIITLTD,Computers - Education,I.T
NIITMTS,Computers - Education,I.T
NILAINFRA,Construction,Industrials
NILASPACES,Construction,Industrials
NILE,Mining / Minerals / Metals,Metals & Mining
NILKAMAL,Plastics Products,Plastic Products
NIMBSPROJ,Construction,Industrials
NINSYS,Computers - Software - Medium / Small,I.T
NIPPOBATRY,Dry Cells,Industrials
NIRAJ,Construction,Industrials
NIRAJISPAT,Plastics Products,Plastic Products
NIRLON,Construction,Industrials
NITCO,Trading,Building Materials
NITINSPIN,Textiles - Cotton/Blended,Textiles
NITIRAJ,Electronics - Components,Consumer Discretionary
NITTAGELA,Chemicals,Chemicals
NIVABUPA,Finance & Investments,Financials
NKIND,Solvent Extraction,Fmcg
NLCINDIA,Power Generation And Supply,Power & Utilities
NMDC,Mining / Minerals / Metals,Metals & Mining
NOCIL,Chemicals,Chemicals
NOIDATOLL,Construction,Industrials
NORBTEAEXP,Tea,Fmcg
NORTHARC,Finance & Investments,Financials
NOVAAGRI,Fertilizers,Chemicals
NOVARTIND,Pharmaceuticals - Multinational,Healthcare
NPST,Computers - Software - Medium / Small,I.T
NRAIL,Paper,Building Materials
NRBBEARING,Bearings,Industrials
NRL,Trading,Services
NSIL,Finance & Investments,Financials
NSLNISP,Steel - Large,Metals & Mining
NTPC,Power Generation And Supply,Power & Utilities
NTPCGREEN,Power Generation And Supply,Power & Utilities
NUCLEUS,Computers - Software - Medium / Small,I.T
NURECA,Trading,I.T
NUVAMA,Finance & Investments,Financials
NUVOCO,Cement - North India,Building Materials
NYKAA,Trading,I.T
OAL,Chemicals,Chemicals
OBCL,Miscellaneous,Transportation
OBEROIRLTY,Construction,Realty
OCCLLTD,Chemicals,Chemicals
ODIGMA,Computers - Software - Medium / Small,I.T
OFSS,Computers - Software - Large,I.T
OIL,Oil Drilling / Allied Services,Energy
OILCOUNTUB,Steel - Medium / Small,Metals & Mining
OLAELEC,Automobiles - Motorcycles / Mopeds,Auto
OLECTRA,Automobiles - Lcvs / Hcvs,Auto
OMAXAUTO,Auto Ancillaries,Auto
OMAXE,Construction,Industrials
OMFREIGHT,Miscellaneous,Transportation
OMINFRAL,Engineering - Turnkey Services,Industrials
OMNI,Engineering,Industrials
OMPOWER,Transmisson Line Towers / Equipment,Industrials
ONELIFECAP,Finance & Investments,Financials
ONEPOINT,Computers - Software - Medium / Small,I.T
ONESOURCE,Pharmaceuticals - Indian - Bulk Drugs & Formln,Healthcare
ONGC,Oil Drilling / Allied Services,Energy
ONMOBILE,Telecommunications - Service Provider,Telecom-Service
ONWARDTEC,Computers - Software - Medium / Small,I.T
OPTIEMUS,Trading,Telecom
ORBTEXP,Textiles - Processing,Textiles
ORCHASP,Computers - Software - Medium / Small,I.T
ORCHPHARMA,Pharmaceuticals - Indian - Bulk Drugs & Formln,Healthcare
ORICONENT,Packaging,Industrials
ORIENTALTL,Trading,Services
ORIENTBELL,Ceramics - Tiles / Sanitaryware,Building Materials
ORIENTCEM,Cement - South India,Building Materials
ORIENTCER,Refractories / Intermediates,Building Materials
ORIENTELEC,Domestic Appliances,Consumer Discretionary
ORIENTHOT,Hotels,Services
ORIENTLTD,Packaging,Industrials
ORIENTPPR,Paper,Building Materials
ORIENTTECH,Computers - Software - Medium / Small,I.T
ORISSAMINE,Mining / Minerals / Metals,Metals & Mining
ORKLAINDIA,Food - Processing - Indian,Fmcg
ORTEL,Entertainment / Electronic Media Software,Media
ORTINGLOBE,Pharmaceuticals - Indian - Bulk Drugs & Formln,Healthcare
OSIAHYPER,Trading,Consumer Discretionary
OSWALAGRO,Trading,Services
OSWALGREEN,Diversified - Medium / Small,Miscellaneous
OSWALPUMPS,Pumps,Industrials
OSWALSEEDS,Miscellaneous,Fmcg
PACEDIGITK,Engineering - Turnkey Services,Telecom
PAGEIND,Textiles - Products,Consumer Discretionary
PAISALO,Finance & Investments,Financials
PAKKA,Paper,Building Materials
PALASHSECU,Finance & Investments,Financials
PALREDTEC,Trading,Services
PANACEABIO,Pharmaceuticals - Indian - Bulk Drugs & Formln,Healthcare
PANACHE,Computers - Hardware,I.T
PANAMAPET,Petrochemicals,Energy
PANSARI,Construction,Industrials
PAR,Pharmaceuticals - Indian - Bulk Drugs,Healthcare
PARACABLES,Cables - Power,Industrials
PARADEEP,Fertilizers,Chemicals
PARAGMILK,Food - Processing - Indian,Fmcg
PARAS,Engineering,Aerospace & Defence
PARASPETRO,Textiles - Manmade,Textiles
PARKHOSPS,Healthcare,Healthcare
PARKHOTELS,Hotels,Services
PARSVNATH,Construction,Industrials
PASHUPATI,Textiles - Cotton/Blended,Textiles
PASUPTAC,Textiles - Manmade,Textiles
PATANJALI,Solvent Extraction,Fmcg
PATELENG,Construction,Industrials
PATELRMART,Trading,Consumer Discretionary
PATINTLOG,Miscellaneous,Transportation
PAUSHAKLTD,Chemicals,Chemicals
PAVNAIND,Auto Ancillaries,Auto
PAYTM,Miscellaneous,I.T
PCBL,Chemicals,Chemicals
PCJEWELLER,Diamond Cutting / Jewellery,Consumer Discretionary
PDMJEPAPER,Paper,Building Materials
PDSL,Trading,Textiles
PEARLPOLY,Trading,Plastic Products
PENIND,Steel - Medium / Small,Metals & Mining
PENINLAND,Construction,Industrials
PERSISTENT,Computers - Software - Large,I.T
PETRONET,Miscellaneous,Energy
PFC,Finance - Term-Lending Institutions,Financials
PFIZER,Pharmaceuticals - Multinational,Healthcare
PFOCUS,Miscellaneous,Realty
PFS,Finance & Investments,Financials
PGEL,Electronics - Components,Consumer Discretionary
PGHH,Personal Care - Multinational,Fmcg
PGHL,Pharmaceuticals - Multinational,Healthcare
PGIL,Textiles - Products,Consumer Discretionary
PHOENIXLTD,Construction,Realty
PICCADIL,Breweries & Distilleries,Fmcg
PIDILITIND,Chemicals,Chemicals
PIGL,Electric Equipment,Industrials
PIIND,Pesticides / Agrochemicals - Indian,Chemicals
PILANIINVS,Finance & Investments,Financials
PILITA,Plastics Products,Plastic Products
PINELABS,Miscellaneous,I.T
PIONEEREMB,Textiles - Products,Textiles
PIONRINV,Finance & Investments,Financials
PITTIENG,Engineering,Industrials
PIXTRANS,Miscellaneous,Fmcg
PKTEA,Tea,Fmcg
PLASTIBLEN,Chemicals,Chemicals
PLATIND,Chemicals,Chemicals
PLAZACABLE,Cables - Power,Industrials
PML,Finance & Investments,Financials
PNB,Banks - Public Sector,Bank
PNBGILTS,Finance & Investments,Financials
PNBHOUSING,Finance - Housing,Financials
PNC,Entertainment / Electronic Media Software,Media
PNCINFRA,Construction,Industrials
PNGJL,Diamond Cutting / Jewellery,Consumer Discretionary
PNGSREVA,Trading,Consumer Discretionary
POCL,Mining / Minerals / Metals,Metals & Mining
PODDARMENT,Dyes And Pigments,Chemicals
POKARNA,Miscellaneous,Consumer Discretionary
POLICYBZR,Computers - Software - Medium / Small,I.T
POLYCAB,Cables - Power,Industrials
POLYMED,Healthcare,Healthcare
POLYPLEX,Packaging,Industrials
PONNIERODE,Sugar,Fmcg
POONAWALLA,Finance & Investments,Financials
POWERGRID,Power Generation And Supply,Power & Utilities
POWERICA,Electric Equipment,Industrials
POWERINDIA,Electric Equipment,Industrials
POWERMECH,Engineering - Turnkey Services,Industrials
PPAP,Auto Ancillaries,Auto
PPL,Plastics Products,Plastic Products
PPLPHARMA,Pharmaceuticals - Indian - Bulk Drugs & Formln,Healthcare
PRABHA,Oil Drilling / Allied Services,Energy
PRADPME,Castings & Forgings,Industrials
PRAENG,Diversified - Medium / Small,Miscellaneous
PRAJIND,Engineering,Industrials
PRAKASH,Steel - Medium / Small,Metals & Mining
PRAKASHSTL,Steel - Medium / Small,Metals & Mining
PRAVEG,Hotels,Services
PRAXIS,Trading,Consumer Discretionary
PRECAM,Auto Ancillaries,Auto
PRECOT,Textiles - Cotton/Blended,Textiles
PRECWIRE,Mining / Minerals / Metals,Metals & Mining
PREMCO,Textiles - Products,Textiles
PREMEXPLN,Chemicals,Aerospace & Defence
PREMIER,Engineering,Industrials
PREMIERENE,Trading,Services
PREMIERPOL,Plastics Products,Plastic Products
PRESTIGE,Construction,Realty
PRICOLLTD,Auto Ancillaries,Auto
PRIMESECU,Finance & Investments,Financials
PRIMO,Chlor Alkali / Soda Ash,Chemicals
PRINCEPIPE,Plastics Products,Plastic Products
PRITI,Miscellaneous,Consumer Discretionary
PRITIKAUTO,Auto Ancillaries,Auto
PRIVISCL,Chemicals,Chemicals
PROSTARM,Trading,Industrials
PROTEAN,Computers - Software - Medium / Small,I.T
PROZONER,Miscellaneous,Miscellaneous
PRSMJOHNSN,Cement - North India,Building Materials
PRUDENT,Finance & Investments,Financials
PRUDMOULI,Trading,Fmcg
PSB,Banks - Public Sector,Bank
PSPPROJECT,Construction,Industrials
PTC,Trading,Power & Utilities
PTCIL,Castings & Forgings,Industrials
PTL,Miscellaneous,Miscellaneous
PUNJABCHEM,Pesticides / Agrochemicals - Indian,Chemicals
PURVA,Construction,Industrials
PVP,Construction,Industrials
PVRINOX,Entertainment / Electronic Media Software,Media
PVSL,Trading,Consumer Discretionary
PWL,Miscellaneous,Services
PYRAMID,Packaging,Industrials
QMSMEDI,Trading,Healthcare
QPOWER,Electric Equipment,Industrials
QUADFUTURE,Cables - Power,Industrials
QUESS,Diversified - Large,Miscellaneous
QUICKHEAL,Computers - Software - Medium / Small,I.T
QUINT,Computers - Software - Medium / Small,I.T
RACE,Trading,Services
RACLGEAR,Auto Ancillaries,Auto
RADAAN,Entertainment / Electronic Media Software,Media
RADHIKAJWE,Diamond Cutting / Jewellery,Consumer Discretionary
RADIANTCMS,Miscellaneous,Miscellaneous
RADICO,Breweries & Distilleries,Fmcg
RADIOCITY,Entertainment / Electronic Media Software,Media
RAILTEL,Telecommunications - Service Provider,Transportation
RAIN,Miscellaneous,Miscellaneous
RAINBOW,Healthcare,Healthcare
RAJESHEXPO,Diamond Cutting / Jewellery,Consumer Discretionary
RAJMET,Mining / Minerals / Metals,Metals & Mining
RAJOOENG,Engineering,Industrials
RAJPALAYAM,Textiles - Cotton/Blended,Textiles
RAJRATAN,Steel - Medium / Small,Metals & Mining
RAJRILTD,Textiles - Manmade,Textiles
RAJSREESUG,Sugar,Fmcg
RAJTV,Entertainment / Electronic Media Software,Media
RALLIS,Pesticides / Agrochemicals - Indian,Chemicals
RAMANEWS,Miscellaneous,Miscellaneous
RAMAPHO,Fertilizers,Chemicals
RAMASTEEL,Steel - Medium / Small,Metals & Mining
RAMBHAJO,Diamond Cutting / Jewellery,Consumer Discretionary
RAMCOCEM,Cement - South India,Building Materials
RAMCOIND,Cement Products,Building Materials
RAMCOSYS,Computers - Software - Medium / Small,I.T
RAMKY,Construction,Industrials
RAMRAT,Mining / Minerals / Metals,Metals & Mining
RANASUG,Sugar,Fmcg
RANEHOLDIN,Finance & Investments,Financials
RATEGAIN,Computers - Software - Medium / Small,I.T
RATNAMANI,Steel - Medium / Small,Industrials
RATNAVEER,Steel - Medium / Small,Metals & Mining
RAYMOND,Transport - Airlines,Transportation
RAYMONDLSL,Textiles - Products,Textiles
RAYMONDREL,Construction,Industrials
RBA,Hotels,Consumer Discretionary
RBLBANK,Banks - Private Sector,Bank
RBZJEWEL,Diamond Cutting / Jewellery,Consumer Discretionary
RCF,Fertilizers,Chemicals
RCOM,Telecommunications - Service Provider,Telecom-Service
RECLTD,Finance - Term-Lending Institutions,Financials
REDINGTON,Trading,Services
REDTAPE,Trading,Consumer Discretionary
REFEX,Trading,Services
REGAAL,Miscellaneous,Miscellaneous
REGENCERAM,Ceramics - Tiles / Sanitaryware,Building Materials
RELAXO,Leather / Leather Products,Consumer Discretionary
RELCHEMQ,Textiles - Spinning - Synthetic / Blended,Textiles
RELIABLE,Computers - Software - Medium / Small,I.T
RELIANCE,Refineries,Energy
RELIGARE,Finance & Investments,Financials
RELTD,Electric Equipment,Industrials
REMSONSIND,Auto Ancillaries,Auto
RENUKA,Sugar,Fmcg
REPCOHOME,Finance - Housing,Financials
REPL,Miscellaneous,Miscellaneous
REPRO,Printing & Stationery,Miscellaneous
RESPONIND,Plastics Products,Plastic Products
RETAIL,Trading,Consumer Discretionary
RGL,Diamond Cutting / Jewellery,Consumer Discretionary
RHETAN,Steel - Medium / Small,Metals & Mining
RHFL,Finance - Housing,Financials
RHIM,Refractories / Intermediates,Building Materials
RHL,Hotels,Services
RICOAUTO,Auto Ancillaries,Auto
RIIL,Miscellaneous,Transportation
RISHABH,Electric Equipment,Industrials
RITCO,Miscellaneous,Transportation
RITES,Miscellaneous,Miscellaneous
RKDL,Breweries & Distilleries,Fmcg
RKEC,Construction,Industrials
RKFORGE,Castings & Forgings,Industrials
RKSWAMY,Miscellaneous,Media
RMC,Electric Equipment,Industrials
RMDRIP,Plastics Products,Plastic Products
RML,Auto Ancillaries,Auto
RNBDENIMS,Textiles - Cotton/Blended,Textiles
ROHLTD,Hotels,Services
ROLEXRINGS,Auto Ancillaries,Auto
ROLLT,Packaging,Industrials
ROML,Solvent Extraction,Fmcg
ROSSARI,Chemicals,Chemicals
ROSSELLIND,Tea,Fmcg
ROSSTECH,Engineering,Aerospace & Defence
ROTO,Pumps,Industrials
ROUTE,Computers - Software - Medium / Small,I.T
RPEL,Refractories / Intermediates,Building Materials
RPGLIFE,Pharmaceuticals - Indian - Bulk Drugs & Formln,Healthcare
RPOWER,Power Generation And Supply,Power & Utilities
RPPINFRA,Construction,Industrials
RPPL,Packaging,Industrials
RPSGVENT,Computers - Software - Medium / Small,I.T
RPTECH,Trading,Services
RRIL,Construction,Industrials
RRKABEL,Cables - Power,Industrials
RSL,Steel - Medium / Small,Metals & Mining
RSSOFTWARE,Computers - Software - Medium / Small,I.T
RSWM,Textiles - Cotton/Blended,Textiles
RSYSTEMS,Computers - Software - Medium / Small,I.T
RTNINDIA,Finance & Investments,Financials
RTNPOWER,Power Generation And Supply,Power & Utilities
RUBFILA,Miscellaneous,Fmcg
RUBICON,Pharmaceuticals - Indian - Formulations,Healthcare
RUBYMILLS,Textiles - Composite,Textiles
RUCHINFRA,Miscellaneous,Miscellaneous
RUCHIRA,Paper,Building Materials
RUDRA,Steel - Medium / Small,Metals & Mining
RUPA,Textiles - Products,Textiles
RUSHIL,Miscellaneous,Building Materials
RUSTOMJEE,Construction,Industrials
RVHL,Construction,Industrials
RVNL,Construction,Industrials
RVTH,Engineering,Industrials
S&SPOWER,Electric Equipment,Industrials
SAATVIKGL,Electric Equipment,Industrials
SABEVENTS,Entertainment / Electronic Media Software,Media
SADBHAV,Construction,Industrials
SADBHIN,Construction,Industrials
SADHNANIQ,Chemicals,Chemicals
SAFARI,Moulded Luggage,Plastic Products
SAGARDEEP,Mining / Minerals / Metals,Metals & Mining
SAGCEM,Cement - South India,Building Materials
SAGILITY,Computers - Software - Medium / Small,I.T
SAHLIBHFI,Finance & Investments,Financials
SAHYADRI,Cement Products,Building Materials
SAIL,Steel - Large,Metals & Mining
SAILIFE,Pharmaceuticals - Indian - Bulk Drugs & Formln,Healthcare
SAIPARENT,Pharmaceuticals - Indian - Formulations,Healthcare
SAKAR,Pharmaceuticals - Indian - Bulk Drugs & Formln,Healthcare
SAKHTISUG,Sugar,Fmcg
SAKSOFT,Computers - Software - Medium / Small,I.T
SAKUMA,Trading,Services
SALASAR,Steel - Medium / Small,Metals & Mining
SALONA,Textiles - Cotton/Blended,Textiles
SALSTEEL,Steel - Sponge Iron,Metals & Mining
SALZERELEC,Electric Equipment,Industrials
SAMBHAAV,Entertainment / Electronic Media Software,Media
SAMBHV,Steel - Medium / Small,Metals & Mining
SAMHI,Hotels,Services
SAMMAANCAP,Finance - Housing,Financials
SAMPANN,Miscellaneous,Fmcg
SANATHAN,Textiles - Cotton/Blended,Textiles
SANDESH,Entertainment / Electronic Media Software,Media
SANDHAR,Auto Ancillaries,Auto
SANDUMA,Mining / Minerals / Metals,Metals & Mining
SANGAMIND,Textiles - Spinning - Synthetic / Blended,Textiles
SANGHVIMOV,Miscellaneous,Miscellaneous
SANGINITA,Chemicals,Chemicals
SANOFI,Pharmaceuticals - Multinational,Healthcare
SANOFICONR,Pharmaceuticals - Multinational,Healthcare
SANSERA,Auto Ancillaries,Auto
SANSTAR,Miscellaneous,Fmcg
SANWARIA,Food - Processing - Indian,Fmcg
SAPPHIRE,Hotels,Consumer Discretionary
SAPPL,Paper,Building Materials
SARDAEN,Steel - Medium / Small,Metals & Mining
SAREGAMA,Entertainment / Electronic Media Software,Media
SARLAPOLY,Textiles - Spinning - Synthetic / Blended,Textiles
SARVESHWAR,Food - Processing - Indian,Fmcg
SASKEN,Computers - Software - Medium / Small,I.T
SATIA,Paper,Building Materials
SATIN,Finance & Investments,Financials
SAURASHCEM,Cement - North India,Building Materials
SAYAJIHOTL,Hotels,Services
SBC,Textiles - Products,Textiles
SBCL,Mining / Minerals / Metals,Metals & Mining
SBFC,Finance & Investments,Financials
SBGLP,Construction,Industrials
SBICARD,Finance & Investments,Financials
SBILIFE,Finance & Investments,Financials
SBIN,Banks - Public Sector,Bank
SCANSTL,Steel - Medium / Small,Metals & Mining
SCHAEFFLER,Bearings,Industrials
SCHAND,Printing & Stationery,Miscellaneous
SCHNEIDER,Electric Equipment,Industrials
SCI,Shipping,Transportation
SCILAL,Miscellaneous,Services
SCODATUBES,Steel - Medium / Small,Metals & Mining
SCPL,Food - Processing - Indian,Fmcg
SDBL,Breweries & Distilleries,Fmcg
SEAMECLTD,Miscellaneous,Miscellaneous
SECMARK,Computers - Software - Medium / Small,I.T
SECURKLOUD,Computers - Software - Medium / Small,I.T
SEDEMAC,Electronics - Components,Consumer Discretionary
SEIL,Miscellaneous,Services
SEJALLTD,Glass & Glass Products,Building Materials
SELMC,Textiles - Cotton/Blended,Textiles
SEMAC,Engineering - Turnkey Services,Industrials
SENCO,Diamond Cutting / Jewellery,Consumer Discretionary
SENORES,Pharmaceuticals - Indian - Formulations,Healthcare
SEPC,Engineering - Turnkey Services,Industrials
SERVOTECH,Electric Equipment,Industrials
SESHAPAPER,Paper,Building Materials
SETCO,Auto Ancillaries,Auto
SETL,Engineering,Industrials
SETUINFRA,Construction,Industrials
SEYAIND,Chemicals,Chemicals
SFL,Miscellaneous,Consumer Discretionary
SGFIN,Finance & Investments,Financials
SGIL,Castings & Forgings,Industrials
SGL,Textiles - Processing,Textiles
SGMART,Trading,Services
SHADOWFAX,Couriers,Transportation
SHAH,Steel - Medium / Small,Metals & Mining
SHAHALLOYS,Steel - Medium / Small,Metals & Mining
SHAILY,Plastics Products,Plastic Products
SHAKTIPUMP,Pumps,Industrials
SHALBY,Healthcare,Healthcare
SHALPAINTS,Paints / Varnishes,Building Materials
SHANKARA,Trading,Consumer Discretionary
SHANTI,Food - Processing - Indian,Fmcg
SHANTIGEAR,Engineering,Industrials
SHANTIGOLD,Diamond Cutting / Jewellery,Consumer Discretionary
SHARDACROP,Pesticides / Agrochemicals - Indian,Chemicals
SHARDAMOTR,Auto Ancillaries,Auto
SHARDUL,Finance & Investments,Financials
SHAREINDIA,Finance & Investments,Financials
SHBAJRG,Steel - Medium / Small,Metals & Mining
SHEKHAWATI,Textiles - Processing,Textiles
SHEMAROO,Entertainment / Electronic Media Software,Media
SHILCTECH,Electric Equipment,Industrials
SHILPAMED,Pharmaceuticals - Indian - Formulations,Healthcare
SHINDL,Aquaculture,Fmcg
SHIVALIK,Pesticides / Agrochemicals - Indian,Chemicals
SHIVAMAUTO,Auto Ancillaries,Auto
SHIVAMILLS,Textiles - Spinning - Synthetic / Blended,Textiles
SHIVATEX,Textiles - Cotton/Blended,Textiles
SHIVAUM,Trading,Metals & Mining
SHK,Chemicals,Chemicals
SHOPERSTOP,Textiles - Products,Consumer Discretionary
SHRADHA,Construction,Industrials
SHREDIGCEM,Cement - North India,Building Materials
SHREECEM,Cement - North India,Building Materials
SHREEJISPG,Shipping,Transportation
SHREEPUSHK,Dyes And Pigments,Chemicals
SHREERAMA,Packaging,Industrials
SHRENIK,Trading,Building Materials
SHREYANIND,Paper,Building Materials
SHRIKRISH,Construction,Industrials
SHRINGARMS,Diamond Cutting / Jewellery,Consumer Discretionary
SHRIPISTON,Auto Ancillaries,Auto
SHRIRAMFIN,Finance & Investments,Financials
SHRIRAMPPS,Construction,Industrials
SHYAMCENT,Mining / Minerals / Metals,Metals & Mining
SHYAMMETL,Steel - Large,Metals & Mining
SHYAMTEL,Trading,Services
SICAGEN,Trading,Services
SICALLOG,Miscellaneous,Transportation
SIEMENS,Electric Equipment,Industrials
SIGACHI,Pharmaceuticals - Indian - Bulk Drugs & Formln,Healthcare
SIGIND,Trading,Services
SIGMA,Computers - Software - Medium / Small,I.T
SIGMAADV,Electronics - Components,Aerospace & Defence
SIGNATURE,Construction,Realty
SIGNPOST,Miscellaneous,Miscellaneous
SIKA,Engineering,Aerospace & Defence
SIKKO,Pesticides / Agrochemicals - Indian,Chemicals
SIL,Trading,Textiles
SILGO,Diamond Cutting / Jewellery,Consumer Discretionary
SILINV,Finance & Investments,Financials
SILLYMONKS,Entertainment / Electronic Media Software,Media
SILVERTUC,Computers - Software - Medium / Small,I.T
SIMBHALS,Sugar,Fmcg
SIMPLEXINF,Construction,Industrials
SINCLAIR,Hotels,Services
SINDHUTRAD,Miscellaneous,Transportation
SINGERIND,Engineering,Industrials
SINTERCOM,Auto Ancillaries,Auto
SIRCA,Trading,Building Materials
SIS,Miscellaneous,Miscellaneous
SITINET,Entertainment / Electronic Media Software,Media
SIYSIL,Textiles - Processing,Textiles
SJS,Plastics Products,Auto
SJVN,Power Generation And Supply,Power & Utilities
SKFINDIA,Bearings,Industrials
SKFINDUS,Bearings,Industrials
SKIPPER,Engineering,Industrials
SKMEGGPROD,Food - Processing - Indian,Fmcg
SKYGOLD,Diamond Cutting / Jewellery,Consumer Discretionary
SMARTLINK,Computers - Hardware,I.T
SMARTWORKS,Miscellaneous,Co-Working
SMCGLOBAL,Finance & Investments,Financials
SMLMAH,Automobiles - Lcvs / Hcvs,Auto
SMLT,Steel - Medium / Small,Metals & Mining
SMSPHARMA,Pharmaceuticals - Indian - Bulk Drugs,Healthcare
SNOWMAN,Miscellaneous,Transportation
SOBHA,Construction,Realty
SOFTTECH,Computers - Software - Medium / Small,I.T
SOLARA,Pharmaceuticals - Indian - Bulk Drugs & Formln,Healthcare
SOLARINDS,Chemicals,Aerospace & Defence
SOLARWORLD,Engineering - Turnkey Services,Power & Utilities
SOLEX,Electric Equipment,Industrials
SOMANYCERA,Ceramics - Tiles / Sanitaryware,Building Materials
SOMATEX,Construction,Industrials
SOMICONVEY,Miscellaneous,Fmcg
SONACOMS,Auto Ancillaries,Auto
SONAMLTD,Miscellaneous,Consumer Discretionary
SONATSOFTW,Computers - Software - Medium / Small,I.T
SOTL,Petrochemicals,Energy
SOUTHBANK,Banks - Private Sector,Bank
SOUTHWEST,Mining / Minerals / Metals,Metals & Mining
SPAL,Textiles - Products,Consumer Discretionary
SPANDANA,Finance & Investments,Financials
SPARC,Miscellaneous,Healthcare
SPCENET,Trading,Services
SPECIALITY,Hotels,Services
SPECTRUM,Electric Equipment,Industrials
SPENCERS,Trading,Consumer Discretionary
SPIC,Fertilizers,Chemicals
SPLIL,Trading,Textiles
SPLPETRO,Petrochemicals,Energy
SPMLINFRA,Engineering - Turnkey Services,Industrials
SPORTKING,Textiles - Spinning - Synthetic / Blended,Textiles
SRD,Trading,Chemicals
SREEL,Trading,Consumer Discretionary
SRF,Chemicals,Chemicals
SRGHFL,Finance - Housing,Financials
SRHHYPOLTD,Chemicals,Chemicals
SRM,Construction,Industrials
SRTL,Textiles - Cotton/Blended,Textiles
SSDL,Trading,Textiles
SSWL,Auto Ancillaries,Auto
STALLION,Chemicals,Chemicals
STANLEY,Miscellaneous,Consumer Discretionary
STAR,Pharmaceuticals - Indian - Bulk Drugs & Formln,Healthcare
STARCEMENT,Cement - North India,Building Materials
STARHEALTH,Finance & Investments,Financials
STARPAPER,Paper,Building Materials
STARTECK,Finance & Investments,Financials
STCINDIA,Trading,Services
STEELCAS,Castings & Forgings,Industrials
STEELCITY,Finance & Investments,Financials
STEELXIND,Steel - Medium / Small,Metals & Mining
STEL,Finance & Investments,Financials
STERTOOLS,Fasteners,Industrials
STLNETWORK,Telecommunications - Service Provider,Telecom-Service
STLTECH,Cables - Telephone,Industrials
STOVEKRAFT,Domestic Appliances,Consumer Discretionary
STUDDS,Plastics Products,Plastic Products
STYL,Computers - Software - Medium / Small,I.T
STYLAMIND,Miscellaneous,Building Materials
STYLEBAAZA,Trading,Consumer Discretionary
STYRENIX,Petrochemicals,Energy
SUBEXLTD,Computers - Software - Medium / Small,I.T
SUBROS,Auto Ancillaries,Auto
SUDARCOLOR,Dyes And Pigments,Chemicals
SUDARSCHEM,Dyes And Pigments,Chemicals
SUDEEPPHRM,Pharmaceuticals - Indian - Bulk Drugs & Formln,Healthcare
SUKHJITS,Miscellaneous,Fmcg
SULA,Breweries & Distilleries,Fmcg
SUMEETINDS,Textiles - Manmade,Textiles
SUMICHEM,Pesticides / Agrochemicals - Indian,Chemicals
SUMIT,Construction,Industrials
SUMMITSEC,Finance & Investments,Financials
SUNCLAY,Castings & Forgings,Industrials
SUNDARAM,Printing & Stationery,Miscellaneous
SUNDARMFIN,Finance & Investments,Financials
SUNDRMBRAK,Auto Ancillaries,Auto
SUNDRMFAST,Auto Ancillaries,Auto
SUNDROP,Food - Processing - Indian,Fmcg
SUNFLAG,Steel - Medium / Small,Metals & Mining
SUNPHARMA,Pharmaceuticals - Indian - Bulk Drugs & Formln,Healthcare
SUNTECK,Construction,Realty
SUNTV,Entertainment / Electronic Media Software,Media
SUPERHOUSE,Leather / Leather Products,Consumer Discretionary
SUPERSPIN,Miscellaneous,Miscellaneous
SUPRAJIT,Auto Ancillaries,Auto
SUPREME,Construction,Industrials
SUPREMEENG,Steel - Medium / Small,Metals & Mining
SUPREMEIND,Plastics Products,Plastic Products
SUPREMEINF,Engineering - Turnkey Services,Industrials
SUPRIYA,Pharmaceuticals - Indian - Bulk Drugs & Formln,Healthcare
SURAJEST,Construction,Industrials
SURAJLTD,Steel - Medium / Small,Metals & Mining
SURAKSHA,Healthcare,Healthcare
SURANASOL,Electric Equipment,Industrials
SURANAT&P,Trading,Industrials
SURYALA,Textiles - Spinning - Synthetic / Blended,Textiles
SURYALAXMI,Textiles - Cotton/Blended,Textiles
SURYAROSNI,Steel - Large,Industrials
SURYODAY,Banks - Private Sector,Bank
SUTLEJTEX,Textiles - Cotton/Blended,Textiles
SUVEN,Miscellaneous,Healthcare
SUVIDHAA,Miscellaneous,I.T
SUYOG,Transmisson Line Towers / Equipment,Telecom
SUZLON,Electric Equipment,Industrials
SVLL,Miscellaneous,Transportation
SVPGLOB,Textiles - Spinning - Synthetic / Blended,Textiles
SWANCORP,Textiles - Products,Textiles
SWANDEF,Miscellaneous,Transportation
SWARAJENG,Engines,Industrials
SWELECTES,Electric Equipment,Industrials
SWIGGY,Miscellaneous,I.T
SWSOLAR,Engineering - Turnkey Services,Industrials
SYMPHONY,Domestic Appliances,Consumer Discretionary
SYNCOMF,Pharmaceuticals - Indian - Bulk Drugs & Formln,Healthcare
SYNGENE,Miscellaneous,Healthcare
SYRMA,Electronics - Components,Consumer Discretionary
SYSTMTXC,Finance & Investments,Financials
TAALTECH,Transport - Airlines,Transportation
TAINWALCHM,Trading,Services
TAJGVK,Hotels,Services
TAKE,Miscellaneous,Healthcare
TALBROAUTO,Auto Ancillaries,Auto
TAMBOLIIN,Finance & Investments,Financials
TANLA,Computers - Software - Medium / Small,I.T
TARACHAND,Diversified - Medium / Small,Miscellaneous
TARAPUR,Electric Equipment,Industrials
TARC,Construction,Industrials
TARIL,Electric Equipment,Industrials
TARMAT,Construction,Industrials
TARSONS,Miscellaneous,Healthcare
TASTYBITE,Food - Processing - Indian,Fmcg
TATACAP,Finance & Investments,Financials
TATACHEM,Chemicals,Chemicals
TATACOMM,Telecommunications - Service Provider,Telecom-Service
TATACONSUM,Tea,Fmcg
TATAELXSI,Computers - Software - Medium / Small,I.T
TATAINVEST,Finance & Investments,Financials
TATAPOWER,Power Generation And Supply,Power & Utilities
TATASTEEL,Steel - Large,Metals & Mining
TATATECH,Computers - Software - Medium / Small,I.T
TATVA,Chemicals,Chemicals
TBOTEK,Travel Agencies,I.T
TBZ,Diamond Cutting / Jewellery,Consumer Discretionary
TCC,Construction,Industrials
TCI,Miscellaneous,Transportation
TCIEXP,Miscellaneous,Transportation
TCIFINANCE,Finance & Investments,Financials
TCPLPACK,Packaging,Industrials
TCS,Computers - Software - Large,I.T
TDPOWERSYS,Electric Equipment,Industrials
TEAMGTY,Finance & Investments,Financials
TEAMLEASE,Miscellaneous,Miscellaneous
TECHM,Computers - Software - Large,I.T
TECHNOE,Engineering - Turnkey Services,Industrials
TECHNVISN,Computers - Software - Medium / Small,I.T
TECILCHEM,Chemicals,Chemicals
TEGA,Engineering,Industrials
TEJASNET,Telecommunications - Equipment,Telecom
TEMBO,Trading,Consumer Discretionary
TENNIND,Auto Ancillaries,Auto
TERASOFT,Computers - Software - Medium / Small,I.T
TEXINFRA,Construction,Industrials
TEXMOPIPES,Plastics Products,Plastic Products
TEXRAIL,Engineering,Industrials
TFCILTD,Finance - Term-Lending Institutions,Financials
TFL,Finance & Investments,Financials
TGBHOTELS,Hotels,Services
THACKER,Diversified - Medium / Small,Miscellaneous
THAKDEV,Construction,Industrials
THANGAMAYL,Diamond Cutting / Jewellery,Consumer Discretionary
THEINVEST,Finance & Investments,Financials
THEJO,Engineering,Industrials
THELEELA,Hotels,Services
THEMISMED,Pharmaceuticals - Indian - Bulk Drugs & Formln,Healthcare
THERMAX,Electric Equipment,Industrials
THOMASCOOK,Travel Agencies,Miscellaneous
THOMASCOTT,Textiles - Products,Consumer Discretionary
THYROCARE,Healthcare,Healthcare
TI,Breweries & Distilleries,Fmcg
TICL,Construction,Industrials
TIGERLOGS,Miscellaneous,Transportation
TIIL,Steel - Medium / Small,Metals & Mining
TIINDIA,Steel - Large,Industrials
TIJARIA,Plastics Products,Plastic Products
TIL,Engineering,Industrials
TIMETECHNO,Plastics Products,Plastic Products
TIMEX,Miscellaneous,Consumer Discretionary
TIMKEN,Bearings,Industrials
TINNARUBR,Miscellaneous,Fmcg
TIPSFILMS,Entertainment / Electronic Media Software,Media
TIPSMUSIC,Entertainment / Electronic Media Software,Media
TIRUMALCHM,Chemicals,Chemicals
TIRUPATIFL,Castings & Forgings,Industrials
TITAGARH,Engineering,Industrials
TITAN,Diamond Cutting / Jewellery,Consumer Discretionary
TMB,Banks - Private Sector,Bank
TMCV,Automobiles - Lcvs / Hcvs,Auto
TMPV,Automobiles - Passenger Cars,Auto
TNPETRO,Petrochemicals,Energy
TNPL,Paper,Building Materials
TNTELE,Cables - Telephone,Industrials
TOKYOPLAST,Plastics Products,Plastic Products
TOLINS,Tyres,Auto
TORNTPHARM,Pharmaceuticals - Indian - Formulations,Healthcare
TORNTPOWER,Power Generation And Supply,Power & Utilities
TOTAL,Miscellaneous,Transportation
TOUCHWOOD,Miscellaneous,Media
TPHQ,Trading,Services
TPLPLASTEH,Packaging,Industrials
TRACXN,Computers - Software - Medium / Small,I.T
TRANSPEK,Chemicals,Chemicals
TRANSRAILL,Engineering - Turnkey Services,Industrials
TRANSWORLD,Shipping,Transportation
TRAVELFOOD,Hotels,Consumer Discretionary
TREEHOUSE,Miscellaneous,Services
TREJHARA,Computers - Software - Medium / Small,I.T
TREL,Miscellaneous,Transportation
TRENT,Trading,Consumer Discretionary
TRF,Engineering,Industrials
TRIDENT,Textiles - Cotton/Blended,Textiles
TRIGYN,Computers - Software - Medium / Small,I.T
TRITURBINE,Electric Equipment,Industrials
TRIVENI,Sugar,Fmcg
TRU,Finance & Investments,Financials
TRUALT,Miscellaneous,Miscellaneous
TSFINV,Finance & Investments,Financials
TTKHLTCARE,Diversified - Medium / Small,Miscellaneous
TTKPRESTIG,Domestic Appliances,Consumer Discretionary
TTL,Textiles - Products,Textiles
TTML,Telecommunications - Service Provider,Telecom-Service
TURTLEMINT,Computers - Software - Medium / Small,I.T
TVSELECT,Computers - Hardware,I.T
TVSHLTD,Finance & Investments,Financials
TVSMOTOR,Automobiles - Motorcycles / Mopeds,Auto
TVSSCS,Miscellaneous,Transportation
TVSSRICHAK,Tyres,Auto
TVTODAY,Entertainment / Electronic Media Software,Media
TVVISION,Entertainment / Electronic Media Software,Media
UBL,Breweries & Distilleries,Fmcg
UCAL,Auto Ancillaries,Auto
UCOBANK,Banks - Public Sector,Bank
UDS,Miscellaneous,Miscellaneous
UEL,Power Generation And Supply,Power & Utilities
UFBL,Hotels,Consumer Discretionary
UFLEX,Packaging,Industrials
UFO,Entertainment / Electronic Media Software,Media
UGARSUGAR,Sugar,Fmcg
UGROCAP,Finance & Investments,Financials
UJJIVANSFB,Banks - Private Sector,Bank
ULTRACEMCO,Cement - North India,Building Materials
ULTRAMAR,Dyes And Pigments,Chemicals
UMAEXPORTS,Trading,Services
UMESLTD,Computers - Education,I.T
UMIYA-MRO,Telecommunications - Equipment,Telecom
UNICHEMLAB,Pharmaceuticals - Indian - Bulk Drugs & Formln,Healthcare
UNIDT,Engineering,Industrials
UNIECOM,Computers - Software - Medium / Small,I.T
UNIENTER,Trading,Services
UNIINFO,Telecommunications - Service Provider,Telecom-Service
UNIMECH,Engineering,Aerospace & Defence
UNIONBANK,Banks - Public Sector,Bank
UNIPARTS,Engineering,Industrials
UNITDSPR,Breweries & Distilleries,Fmcg
UNITECH,Construction,Industrials
UNITEDPOLY,Textiles - Products,Textiles
UNITEDTEA,Tea,Fmcg
UNIVASTU,Construction,Industrials
UNIVCABLES,Cables - Power,Industrials
UNIVPHOTO,Photographic And Allied Products,Consumer Discretionary
UNOMINDA,Auto Ancillaries,Auto
UPL,Pesticides / Agrochemicals - Indian,Chemicals
URBANCO,Miscellaneous,I.T
URJA,Automobiles - Motorcycles / Mopeds,Auto
USHAMART,Steel - Medium / Small,Metals & Mining
USK,Construction,Industrials
UTIAMC,Finance & Investments,Financials
UTKARSHBNK,Banks - Private Sector,Bank
UTLSOLAR,Electric Equipment,Industrials
UTTAMSUGAR,Sugar,Fmcg
UYFINCORP,Finance & Investments,Financials
V2RETAIL,Textiles - Products,Consumer Discretionary
VADILALIND,Food - Processing - Indian,Fmcg
VAIBHAVGBL,Diamond Cutting / Jewellery,Consumer Discretionary
VAISHALI,Pharmaceuticals - Indian - Bulk Drugs & Formln,Healthcare
VAKRANGEE,Computers - Software - Medium / Small,I.T
VALIANTLAB,Pharmaceuticals - Indian - Bulk Drugs & Formln,Healthcare
VALIANTORG,Chemicals,Chemicals
VAML,Aluminium And Aluminium Products,Metals & Mining
VARDHACRLC,Textiles - Manmade,Textiles
VARDMNPOLY,Textiles - Cotton/Blended,Textiles
VARROC,Auto Ancillaries,Auto
VASCONEQ,Construction,Industrials
VASWANI,Steel - Sponge Iron,Metals & Mining
VBL,Food - Processing - Indian,Fmcg
VCL,Trading,Textiles
VEDL,Mining / Minerals / Metals,Metals & Mining
VEDPOWER,Power Generation And Supply,Power & Utilities
VEEDOL,Chemicals,Chemicals
VELJAN,Engineering,Industrials
VENKEYS,Miscellaneous,Fmcg
VENTIVE,Hotels,Services
VENUSPIPES,Steel - Medium / Small,Metals & Mining
VENUSREM,Pharmaceuticals - Indian - Formulations,Healthcare
VERANDA,Miscellaneous,Services
VERTOZ,Computers - Software - Medium / Small,I.T
VESUVIUS,Refractories / Intermediates,Building Materials
VETO,Electric Equipment,Industrials
VGL,Textiles - Cotton/Blended,Textiles
VGUARD,Electric Equipment,Industrials
VHL,Finance & Investments,Financials
VHLTD,Hotels,Services
VIDHIING,Dyes And Pigments,Chemicals
VIDYAWIRES,Electric Equipment,Industrials
VIJAYA,Healthcare,Healthcare
VIJIFIN,Finance & Investments,Financials
VIKASECO,Diversified - Medium / Small,Miscellaneous
VIKASLIFE,Trading,Services
VIKRAMSOLR,Electric Equipment,Industrials
VIKRAN,Transmisson Line Towers / Equipment,Industrials
VIMTALABS,Miscellaneous,Healthcare
VINATIORGA,Chemicals,Chemicals
VINCOFE,Trading,Consumer Discretionary
VINDHYATEL,Construction,Industrials
VINEETLAB,Pharmaceuticals - Indian - Bulk Drugs & Formln,Healthcare
VINNY,Textiles - Processing,Textiles
VINYLINDIA,Trading,Chemicals
VIPCLOTHNG,Textiles - Products,Textiles
VIPIND,Moulded Luggage,Plastic Products
VIPULLTD,Construction,Industrials
VIRINCHI,Computers - Software - Medium / Small,I.T
VISACHROME,Mining / Minerals / Metals,Metals & Mining
VISAKAIND,Cement Products,Building Materials
VISHNU,Chemicals,Chemicals
VISHWARAJ,Sugar,Fmcg
VISL,Steel - Medium / Small,Metals & Mining
VITAL,Chemicals,Chemicals
VIVIANA,Transmisson Line Towers / Equipment,Industrials
VIVIDHA,Trading,Services
VIVIMEDLAB,Pharmaceuticals - Indian - Bulk Drugs & Formln,Healthcare
VIYASH,Pharmaceuticals - Indian - Bulk Drugs & Formln,Healthcare
VLEGOV,Computers - Software - Medium / Small,I.T
VLSFINANCE,Finance & Investments,Financials
VMART,Trading,Consumer Discretionary
VMM,Trading,Consumer Discretionary
VMSTMT,Steel - Medium / Small,Metals & Mining
VOGL,Oil Drilling / Allied Services,Energy
VOLTAMP,Electric Equipment,Industrials
VOLTAS,Air-Conditioners,Consumer Discretionary
VPRPL,Construction,Industrials
VRAJ,Steel - Sponge Iron,Metals & Mining
VRLLOG,Miscellaneous,Transportation
VSSL,Steel - Medium / Small,Metals & Mining
VSTIND,Cigarettes,Fmcg
VSTL,Steel - Medium / Small,Metals & Mining
VSTTILLERS,Automobiles - Tractors,Auto
VTL,Textiles - Cotton/Blended,Textiles
WAAREEENER,Electric Equipment,Industrials
WAAREEINDO,Electric Equipment,Industrials
WAAREERTL,Engineering - Turnkey Services,Power & Utilities
WABAG,Engineering - Turnkey Services,Industrials
WAKEFIT,Textiles - Jute - Yarn / Products,Textiles
WALCHANNAG,Engineering,Industrials
WANBURY,Pharmaceuticals - Indian - Bulk Drugs & Formln,Healthcare
WCIL,Miscellaneous,Transportation
WEALTH,Finance & Investments,Financials
WEBELSOLAR,Electric Equipment,Industrials
WEIZMANIND,Textiles - Processing,Textiles
WEL,Electric Equipment,Consumer Discretionary
WELCORP,Steel - Large,Industrials
WELENT,Construction,Industrials
WELSPLSOL,Steel - Medium / Small,Metals & Mining
WELSPUNLIV,Textiles - Products,Textiles
WENDT,Abrasives And Grinding Wheels,Industrials
WESTLIFE,Hotels,Consumer Discretionary
WEWORK,Miscellaneous,Co-Working
WHEELS,Auto Ancillaries,Auto
WHIRLPOOL,Domestic Appliances,Consumer Discretionary
WILLAMAGOR,Finance & Investments,Financials
WINDLAS,Pharmaceuticals - Indian - Formulations,Healthcare
WINDMACHIN,Engineering,Industrials
WINSOME,Textiles - Cotton/Blended,Textiles
WIPL,Miscellaneous,Building Materials
WIPRO,Computers - Software - Large,I.T
WOCKPHARMA,Pharmaceuticals - Indian - Bulk Drugs & Formln,Healthcare
WONDERLA,Recreation / Amusement Parks,Media
WORTHPERI,Packaging,Industrials
WPIL,Engineering - Turnkey Services,Industrials
WSI,Construction,Industrials
WSTCSTPAPR,Paper,Building Materials
XCHANGING,Computers - Software - Medium / Small,I.T
XELPMOC,Computers - Software - Medium / Small,I.T
XPROINDIA,Packaging,Industrials
XTGLOBAL,Computers - Software - Medium / Small,I.T
YASHO,Chemicals,Chemicals
YATHARTH,Healthcare,Healthcare
YATRA,Travel Agencies,I.T
YESBANK,Banks - Private Sector,Bank
YUKEN,Engineering,Industrials
ZAGGLE,Computers - Software - Medium / Small,I.T
ZEEL,Entertainment / Electronic Media Software,Media
ZEELEARN,Computers - Education,I.T
ZEEMEDIA,Entertainment / Electronic Media Software,Media
ZENITHEXPO,Leather / Leather Products,Consumer Discretionary
ZENITHSTL,Steel - Medium / Small,Metals & Mining
ZENSARTECH,Computers - Software - Medium / Small,I.T
ZENTEC,Miscellaneous,Aerospace & Defence
ZFCVINDIA,Auto Ancillaries,Auto
ZFSTEERING,Auto Ancillaries,Auto
ZIMLAB,Pharmaceuticals - Indian - Bulk Drugs & Formln,Healthcare
ZODIAC,Engineering - Turnkey Services,Industrials
ZODIACLOTH,Textiles - Products,Consumer Discretionary
ZOTA,Pharmaceuticals - Indian - Bulk Drugs & Formln,Healthcare
ZSARACOM,Finance & Investments,Financials
ZUARI,Fertilizers,Chemicals
ZUARIIND,Sugar,Fmcg
ZYDUSLIFE,Pharmaceuticals - Indian - Bulk Drugs & Formln,Healthcare
ZYDUSWELL,Food - Processing - Indian,Fmcg
